stock_code,beta,se,n_weeks,beta_shrunk,shrinkage,description,revenue
22423,-4.133380767067022,0.6604628213341953,90,-3.1486169491095017,0.40881617677656,REGENCY CAKESTAND 3 TIER,344563.25000000367
85099B,-2.5869096064854267,0.9150840262885537,104,-2.0950680187826425,0.5703523127481593,JUMBO BAG RED RETROSPOT,183454.82999999626
47566,-2.102806776468883,0.742121965269627,103,-1.9264984774922524,0.46612301733094363,PARTY BUNTING,149187.04999999984
84879,-1.1056566670691574,2.7158389778085903,104,-1.6758020643580263,0.9212148917647098,ASSORTED COLOUR BIRD ORNAMENT,132187.92000000027
22086,-4.174505659281589,0.7305403049081246,83,-3.0516881999842305,0.458303499173617,PAPER CHAIN KIT 50'S CHRISTMAS,123141.5399999981
79321,-3.9887025825127846,0.7720154569796279,97,-2.88873738361245,0.48582032294692545,CHILLI LIGHTS,85489.91000000019
22197,-1.5439444817755814,0.4881352098744409,104,-1.5934648954747852,0.2741718477001941,POPCORN HOLDER,80920.63999999932
22386,-2.2914467112752885,1.3802883135060386,97,-1.8655684640568904,0.751261620341772,JUMBO BAG PINK POLKADOT,77111.91000000111
84347,-4.359990630016679,0.5922399959624137,75,-3.4182413798328044,0.35734205341202774,ROTATING SILVER ANGELS T-LIGHT HLDR,74448.92000000033
20725,-2.025167413530581,1.2185761344752284,104,-1.814187282011869,0.7018522288890225,LUNCH BAG RED RETROSPOT,72292.84999999992
21137,-4.22567064320335,2.110698514709228,99,-2.0347758776951004,0.8759696747211729,BLACK RECORD COVER FRAME,69329.47000000006
85099F,-2.1376546927214064,2.455451387822716,103,-1.7636882525870705,0.905285967427371,JUMBO BAG STRAWBERRY,68488.81000000064
20685,-4.12049495121026,1.866986105605651,103,-2.091713329722966,0.8467608248134568,DOORMAT RED RETROSPOT,67859.56000000006
48138,-5.190203641588397,2.666405302877227,102,-2.0069887514055864,0.918506817974321,DOORMAT UNION FLAG,67757.62999999992
21843,-2.272004553123983,0.5138280354503169,104,-2.110479962824272,0.2950533854319417,RED RETROSPOT CAKE STAND,66620.19999999982
22114,-3.030289163967999,1.049412668261889,78,-2.2000937562558978,0.6358110916677056,HOT WATER BOTTLE TEA AND SYMPATHY,63517.749999999985
82484,-2.8771956881680216,2.2554862673021083,87,-1.8517186209461876,0.8896821649600867,WOOD BLACK BOARD ANT WHITE FINISH,62842.02000000017
21931,-0.7881630065780015,0.49027096438988443,104,-1.0465277149365881,0.2759128684051114,JUMBO STORAGE BAG SUKI,62285.28000000073
22910,-5.818838598004192,0.7694307341703487,50,-3.8366152864562486,0.4841450188143478,PAPER CHAIN KIT VINTAGE CHRISTMAS,61721.98999999964
22502,0.6401052372858044,0.7705824016405464,69,-0.506503609218955,0.48489213151193244,PICNIC BASKET WICKER SMALL,61510.67000000013
22112,-3.307669324247713,0.39789357350368976,104,-2.990053785824993,0.2006280064632332,CHOCOLATE HOT WATER BOTTLE,60763.11999999957
21621,-2.3256403813196562,0.2856903486880972,102,-2.2567772577396337,0.11456608463439999,VINTAGE UNION JACK BUNTING,60668.53999999993
85099C,-0.39705133404744974,0.3861674663605456,104,-0.6508778296134348,0.1912047714811752,JUMBO  BAG BAROQUE BLACK WHITE,60292.32000000056
15056N,-3.999405640469739,1.2801636384741102,104,-2.356814084352918,0.7220680963659618,EDWARDIAN PARASOL NATURAL,58427.589999999684
22411,-0.20319132753584981,0.4042178798435466,97,-0.516188973465967,0.20573389528121255,JUMBO SHOPPER VINTAGE RED PAISLEY,58275.45000000099
22470,-1.3241575427741372,0.4384955645456646,77,-1.4176957792106424,0.2336090061902678,HEART OF WICKER LARGE,55898.86999999977
22178,-1.730860632814463,0.8247659989287989,104,-1.7275928859657628,0.5188551426891292,VICTORIAN GLASS HANGING T-LIGHT,53330.48999999978
22139,-3.629576884618398,1.395747481767173,101,-2.190527536048469,0.7554008330079025,RETROSPOT TEA SET CERAMIC 11 PC,53214.30999999933
21212,-0.6592005164022545,0.3476547126810683,104,-0.8305055989718204,0.16079516912648661,PACK OF 72 RETROSPOT CAKE CASES,52997.19999999916
22111,-3.0433856385634455,0.7017935336852267,100,-2.465150788244583,0.43844765385353435,SCOTTIE DOG HOT WATER BOTTLE,52192.30999999969
21623,-3.1148123117622744,1.2700355059958355,92,-2.1154052514155777,0.718868761068741,VINTAGE UNION JACK MEMOBOARD,52122.72999999992
21733,-1.296839423883827,3.7707074741643947,104,-1.706392600304289,0.9575191680699608,RED HANGING HEART T-LIGHT HOLDER,51556.96999999981
84946,-1.4606572381907914,0.39377151447755904,104,-1.512728040010982,0.19730858785389327,ANTIQUE SILVER T-LIGHT GLASS,51329.71999999984
22469,-2.9121413015013133,0.5183190447708005,78,-2.557427748611088,0.29868636400930526,HEART OF WICKER SMALL,51127.76000000062
21181,-3.0128116514097245,1.3355808362747865,79,-2.061113145765873,0.7387535297524837,PLEASE ONE PERSON METAL SIGN,51005.81999999951
21232,-1.3389554176542449,0.8230879511238003,104,-1.5386375630786757,0.5178381906237777,STRAWBERRY CERAMIC TRINKET POT,50760.47999999976
22090,-1.6196807250344947,0.7564225412305926,104,-1.6695660890015276,0.47563361898702927,PAPER BUNTING RETROSPOT,50753.09999999984
21929,-2.5273493811093584,0.8566012331892592,99,-2.0956679623315697,0.5377286342081906,JUMBO BAG PINK VINTAGE PAISLEY,50334.10000000068
48194,-2.747768139509356,0.7430828411740762,104,-2.2701695069039283,0.4667670688198252,DOORMAT HEARTS,49633.29000000031
21731,-1.2335455191603535,0.3160717470134997,103,-1.3006773481209573,0.13671993571196928,RED TOADSTOOL LED NIGHT LIGHT,49539.690000000526
22457,-3.0803146236543,1.2671801106345355,86,-2.1069414995287414,0.7179581034229852,NATURAL SLATE HEART CHALKBOARD,48671.04999999995
84029E,-4.5452434283293,0.5866474712106287,95,-3.5495538475145416,0.3529961930928627,RED WOOLLY HOTTIE WHITE HEART.,47737.380000000005
48187,-5.264928008821871,1.1631336025343892,97,-2.8503798555186046,0.6820053583732633,DOORMAT NEW ENGLAND,47265.11000000022
21523,-1.7435383779949547,0.7372125381761666,102,-1.7347560052600857,0.4628211005463603,DOORMAT FANCY FONT HOME SWEET HOME,47225.46000000019
21928,-2.449713005991573,1.294714447740823,102,-1.9228320549446858,0.7265816505277456,JUMBO BAG SCANDINAVIAN BLUE PAISLEY,47095.720000000634
22355,-0.13798189391735982,0.40493452943409464,104,-0.46531477027175216,0.20631340542598375,CHARLOTTE BAG SUKI DESIGN,46633.439999999835
71477,-4.4911633082994316,0.9914669349285457,88,-2.8059626498750765,0.6091232018740789,COLOURED GLASS STAR T-LIGHT HOLDER,46546.53000000003
20727,-1.6064276297327742,1.185626554452382,104,-1.6879708727511318,0.6902546841587618,LUNCH BAG  BLACK SKULL.,46422.490000000165
48185,-1.426885322258813,0.43482615221013826,104,-1.4955337211381128,0.23061347030076174,DOORMAT FAIRY CAKE,46104.34000000009
22326,-1.2520982005850656,0.3588702203526702,95,-1.33220444150487,0.16954977883473488,ROUND SNACK BOXES SET OF4 WOODLAND,45046.67999999996
21915,-0.9675234451856152,2.7915293220265593,91,-1.6678708259392638,0.9251137683950281,RED  HARMONICA IN BOX,44808.799999999945
82494L,-3.591621179723409,1.153752823977155,98,-2.324854351801294,0.6784826505483823,WOODEN FRAME ANTIQUE WHITE,44796.899999999696
21175,0.06663389036614538,2.9182700472242664,99,-1.6010387195870839,0.9310383217447958,GIN AND TONIC DIET METAL SIGN,44391.42999999961
22383,-1.9889952974163592,1.1116750804471802,98,-1.813924088724593,0.6620634881819296,LUNCH BAG SUKI DESIGN,43932.56000000022
84078A,-1.664621113077622,0.5820817115404134,94,-1.6855668107153758,0.34943551343165735,SET/4 WHITE RETRO STORAGE CUBES,43921.509999999864
20728,-2.552473617023367,1.1554817707945,104,-1.9902097917016852,0.6791356072853594,LUNCH BAG CARS BLUE,42784.7400000002
82482,-1.8052493572653443,0.8577149796527932,95,-1.7618096816182462,0.5383745453731705,WOODEN PICTURE FRAME WHITE FINISH,42546.5799999992
20713,-1.1305447991659685,0.40024424792827107,91,-1.2508476909154034,0.20252403854950085,JUMBO BAG OWLS,41390.09000000021
22083,-1.2272574655413742,0.5752602556154401,104,-1.3983777146012581,0.3440950515652088,PAPER CHAIN KIT RETROSPOT,41379.059999999976
22328,-2.503360124321247,1.717427024024148,99,-1.8617738761074796,0.8238165373152619,ROUND SNACK BOXES SET OF 4 FRUITS,40508.259999999915
84997D,-5.024448265981268,0.8410969589361683,98,-3.2800088277499713,0.5286363332085245,CHILDRENS CUTLERY POLKADOT PINK,40308.02999999989
22960,-0.731120374530263,1.3381813260591051,54,-1.465774568143792,0.7395036635895605,JAM MAKING SET WITH JARS,39694.560000000165
85066,-1.5857312853378522,0.589485125669805,99,-1.6350446617412957,0.3552034562478319,CREAM SWEETHEART MINI CHEST,39428.64999999998
82486,-4.6557067003356885,1.5119996947546133,104,-2.3584331238483283,0.7837463897569287,3 DRAWER ANTIQUE WHITE WOOD CABINET,39382.50000000048
22699,-0.3633410811763169,0.6523320090901207,69,-0.9116988007280793,0.4028423710210055,ROSES REGENCY TEACUP AND SAUCER,39134.89000000018
20726,-2.2671798828368486,1.5204092738245967,104,-1.8408886001085643,0.7856205953843074,LUNCH BAG WOODLAND,38949.73000000017
21485,-4.418401235244085,0.38553730253160295,99,-3.9046857973912283,0.19070015495112647,RETROSPOT HEART HOT WATER BOTTLE,38840.79999999987
21166,-3.8434970144622738,0.7813928168004766,96,-2.801290772524946,0.49185394963434903,COOK WITH WINE METAL SIGN,38560.160000000134
22720,-3.644772932727062,0.7517163932266809,50,-2.7374322719303303,0.4725215063289574,SET OF 3 CAKE TINS PANTRY DESIGN,38158.389999999825
20712,-0.3985012089651722,0.21780266731683828,97,-0.4912500183605262,0.06994307152325485,JUMBO BAG WOODLAND ANIMALS,38029.890000000174
21524,-2.7026199004128744,1.1285885690109227,104,-2.04850810486873,0.6687868091925768,DOORMAT SPOTTY HOME SWEET HOME,36667.33000000027
20724,-1.2000219087058759,0.44537472265309525,104,-1.3255072703836068,0.2392290142611171,RED RETROSPOT CHARLOTTE BAG,35595.629999999925
22379,-0.38954559130908334,0.32083048553557464,97,-0.5768296828969672,0.14028591770547338,RECYCLING BAG RETROSPOT,35408.9599999998
84997B,-3.0360718858351206,1.5541848487907908,103,-1.9961386156204766,0.7929286599843476,CHILDRENS CUTLERY RETROSPOT RED,34987.05999999995
21479,-2.6161424014939847,1.0363783993739148,57,-2.054443963722443,0.6300035744998732,WHITE SKULL HOT WATER BOTTLE,34617.93000000001
22384,-2.8483013554024454,1.6941652585719296,97,-1.9270346710354986,0.8198228559149084,LUNCH BAG PINK POLKADOT,34506.660000000025
22666,-0.6628456697105856,0.7480452031687765,74,-1.1619394099985505,0.47008172145605953,RECIPE BOX PANTRY YELLOW DESIGN,34489.050000000454
22630,-0.7204223517185606,1.1303716124193832,75,-1.392680023743571,0.6694858089219224,DOLLY GIRL LUNCH BOX,33980.00000000019
22726,-4.049537088796915,0.4127725011585466,59,-3.5551019268281454,0.21266262167334138,ALARM CLOCK BAKELIKE GREEN,33737.58999999997
22865,-5.8960638557973795,1.0621152879397215,47,-3.2206100496347334,0.6413647429689644,HAND WARMER OWL DESIGN,33575.510000000104
22188,-2.937855822986116,1.1095398909274485,97,-2.135623128482355,0.6612026710620206,BLACK HEART CARD HOLDER,33200.99999999999
15036,-2.393244330737711,0.5041047808091407,102,-2.201219855984603,0.2871687335264387,ASSORTED COLOURS SILK FAN,33041.54999999983
84997C,-0.7832594534933032,2.900963093725323,101,-1.6589261066345502,0.930270573059056,CHILDRENS CUTLERY POLKADOT BLUE,32992.009999999966
22385,-1.5394036764347598,0.6995972541555452,97,-1.6203005136964128,0.43690478954935663,JUMBO BAG SPACEBOY DESIGN,32749.37000000004
22077,-2.1700993022015287,0.6545433689670104,95,-1.9898923553589563,0.4044716438365543,6 RIBBONS RUSTIC CHARM,32213.590000000087
22622,-1.2536604566802698,1.4715735548594622,83,-1.6183359106394306,0.7744186971360583,BOX OF VINTAGE ALPHABET BLOCKS,32163.940000000155
85152,-7.037696572528402,0.39216823373792514,101,-5.996219018975522,0.19601944284541561,HAND OVER THE CHOCOLATE   SIGN,32064.760000000217
84029G,-2.7012271160401826,0.5361268804183316,101,-2.3955038872406655,0.31302789828410305,KNITTED UNION FLAG HOT WATER BOTTLE,32054.490000000078
48184,-4.156427639496334,1.3730259350934992,94,-2.334268155098613,0.7492848013735592,DOORMAT ENGLISH ROSE,31603.650000000198
22697,-0.49372288329078784,0.49500689319983104,69,-0.8380756854434334,0.2797706206308185,GREEN REGENCY TEACUP AND SAUCER,31534.92000000056
22659,-1.5498236626006185,0.6940679971550027,76,-1.6254864275726504,0.43300451244152394,LUNCH BOX I LOVE LONDON,31203.020000000117
85014B,-2.242548943815337,0.7953847586423178,104,-1.9831791017258222,0.5007272186963452,RED RETROSPOT UMBRELLA,31123.93000000002
22501,-1.1550124100109456,0.5138491507561563,75,-1.3230698694022156,0.295070480262417,PICNIC BASKET WICKER LARGE,30828.290000000194
22752,-1.6998283502801996,0.7546793434038268,69,-1.7115643468774344,0.4744828957093511,SET 7 BABUSHKA NESTING BOXES,30804.749999999996
20679,-1.6638963549050165,0.616137444778849,102,-1.6866892059273166,0.3757087092087379,EDWARDIAN PARASOL RED,30667.320000000098
22158,-4.539481217193345,0.570857320865043,74,-3.5806206251504307,0.34063528488123507,3 HEARTS HANGING DECORATION RUSTIC,30498.179999999953
21217,0.025231139790734824,0.5306128785494773,103,-0.5147533344027355,0.30859892231779495,RED RETROSPOT ROUND CAKE TINS,30483.030000000243
82483,-4.250156761642659,1.2017685772915128,95,-2.492325026046688,0.6960072164172926,WOOD 2 DRAWER CABINET WHITE FINISH,30213.890000000312
47590B,-4.6847868255509475,1.7395820812521747,100,-2.2351821163938714,0.8275064840349062,PINK HAPPY BIRTHDAY BUNTING,29587.430000000084
22492,-1.8288267894040824,0.6474587296846346,83,-1.7872003741353484,0.3992399575802079,MINI PAINT SET VINTAGE,29046.190000000166
20971,-1.2149785453846826,0.8509239975201923,103,-1.487311041662417,0.5344211094309432,PINK BLUE FELT CRAFT TRINKET BOX,29027.45999999997
48188,-2.8366821847578625,0.578422854870062,103,-2.451250406218059,0.34657405290937127,DOORMAT WELCOME PUPPIES,28798.14000000016
84978,-1.0191675917042535,0.8852818757873262,103,-1.4099953832625567,0.5540551970858233,HANGING HEART JAR T-LIGHT HOLDER,28734.819999999923
22835,-4.407678564340662,0.7745011142881145,64,-3.0998569349856817,0.48742643456296775,HOT WATER BOTTLE I AM SO POORLY,28659.979999999945
82583,-1.7571662841715416,0.3263364741481758,99,-1.7524569856746868,0.14444085528567885,HOT BATHS METAL SIGN,28496.810000000074
21977,-2.1430780561281866,1.0578584467522412,104,-1.8754310889662982,0.6395151904871301,PACK OF 60 PINK PAISLEY CAKE CASES,28490.98000000032
20719,-0.6588968105518407,0.2578626026884931,103,-0.7605176556251697,0.09535901633367538,WOODLAND CHARLOTTE BAG,28287.319999999927
22961,0.39598944730834973,2.3256690917445466,55,-1.5030815817951244,0.8955550028706035,JAM MAKING SET PRINTED,28242.890000000272
22624,-5.031131919461166,0.09820658048882604,79,-4.981337836271351,0.015059138023609808,IVORY KITCHEN SCALES,28227.769999999982
21930,-1.3622561831291595,0.7043862578925961,104,-1.521766794388337,0.44026433696650535,JUMBO STORAGE BAG SKULLS,27923.569999999978
72741,-1.058577103685177,0.21463898993435637,103,-1.1039062209621706,0.06806321597364551,GRAND CHOCOLATECANDLE,27915.12999999968
20750,-3.0453653319590615,1.130670848900212,102,-2.160951970037667,0.6696029362744704,RED RETROSPOT MINI CASES,27562.870000000228
84991,-3.305229910073599,1.625823899411949,104,-2.029099162325395,0.807336730839374,60 TEATIME FAIRY CAKE CASES,27404.220000000216
71459,-0.9851550185870963,2.5454966769753926,103,-1.6589656348587276,0.9112843826849156,HANGING JAM JAR T-LIGHT HOLDERS,27192.51000000023
22734,-4.681865775803798,0.778948874611527,44,-3.231935054286766,0.490288162590931,SET OF 6 RIBBONS VINTAGE CHRISTMAS,27061.58000000003
21481,-3.228343865513296,0.4863961317077553,95,-2.8181820581838224,0.27275364255362833,FAWN BLUE HOT WATER BOTTLE,26988.980000000134
22149,-3.7767526698507035,0.4722600093447147,98,-3.240697985411601,0.2612110361099935,FELTCRAFT 6 FLOWER FRIENDS,26855.259999999787
22507,-0.2937528813952761,1.4878138854394027,91,-1.4072524264653288,0.7782303270619669,MEMO BOARD RETROSPOT  DESIGN,26626.560000000096
48111,-2.2081251295320556,0.8600153711632593,101,-1.9471437523201336,0.5397055849813347,DOORMAT 3 SMILEY CATS,26544.410000000134
22551,-2.7876859996604693,0.537029869334595,89,-2.4541287860120375,0.31375212488775195,PLASTERS IN TIN SPACEBOY,26485.09999999986
82600,-1.164884882109118,0.8470675645162399,98,-1.462722999328595,0.5321600044513837,N0 SINGING METAL SIGN,26212.860000000164
20711,-0.8476532804874886,0.48463999159102206,103,-1.0855772527826781,0.27132105522509853,JUMBO BAG TOYS,26186.90000000002
21080,-1.2472643620408987,1.238708072239842,104,-1.5855085804975806,0.7086642363686076,SET/20 RED RETROSPOT PAPER NAPKINS,26031.970000000194
47566B,-4.042326230202528,4.751474393521946,89,-1.7875619183067768,0.9728189362199924,TEA TIME PARTY BUNTING,25987.900000000038
21108,-2.1526309495278744,0.2425720966143112,99,-2.1161074842955125,0.08532158133025836,FAIRY CAKE FLANNEL ASSORTED COLOUR,25887.350000000075
22087,-1.3949644319544554,1.2555384794536235,75,-1.6303652079625903,0.7142052701886941,PAPER BUNTING WHITE LACE,25563.170000000133
22084,-1.2528060577913709,0.9278754817384947,91,-1.5250766072046043,0.577142027624981,PAPER CHAIN KIT EMPIRE,25480.380000000107
84755,-1.6747889563917755,0.3708492871663087,104,-1.6836983410788058,0.17899790306073016,COLOUR GLASS T-LIGHT HOLDER HANGING,25475.050000000276
21314,-1.2211466367701753,0.5553450105043214,104,-1.3864536411822175,0.32837058002456,SMALL GLASS HEART TRINKET POT,25276.94999999981
84077,-0.028532652334495867,1.1861503363709178,103,-1.1995455609495624,0.6904435171037073,WORLD WAR 2 GLIDERS ASSTD DESIGNS,25259.89999999956
20972,-4.348374074226484,1.7125036603271115,104,-2.1890254682241728,0.8229816275764228,PINK CREAM FELT CRAFT TRINKET BOX,25151.83999999996
22728,-0.5658541479307619,1.323984978486493,63,-1.4179377971059106,0.7353736131789879,ALARM CLOCK BAKELIKE PINK,24907.269999999964
84836,-5.374832340403026,0.6922610112471825,104,-3.7989199065221486,0.43172493061752504,ZINC METAL HEART DECORATION,24805.669999999955
21231,-2.3220220861720176,1.3405202752502834,96,-1.879796989698813,0.7401759199547011,SWEETHEART CERAMIC TRINKET BOX,24618.12999999993
47590A,-3.8547235568319937,0.6419822672152247,88,-3.012942941077789,0.39517231230097194,BLUE HAPPY BIRTHDAY BUNTING,24559.230000000014
22722,-4.092353067779339,1.0714023863833066,43,-2.5642762443694647,0.6453598276170593,SET OF 6 SPICE TINS PANTRY DESIGN,24507.35999999999
22698,-1.6660336280689436,1.2032880248953588,63,-1.7068015205883473,0.6965416357947005,PINK REGENCY TEACUP AND SAUCER,24489.67000000039
22171,-0.25618301858300396,0.9239980270101679,101,-1.1006433715934953,0.5750967540534005,3 HOOK PHOTO SHELF ANTIQUE WHITE,24249.95999999997
21258,-0.33836126974922187,0.485160220312543,73,-0.7150552315200036,0.27174548396808385,VICTORIAN SEWING BOX LARGE,24153.589999999935
21790,-2.516503763769034,0.7227694220242562,104,-2.157755588143225,0.4529985425468166,VINTAGE SNAP CARDS,24095.60000000023
22625,-0.5634144725335541,1.9946187558077229,78,-1.5656554388859758,0.8631464923352415,RED KITCHEN SCALES,24045.02999999994
21955,-1.632223763196188,0.7027873388960628,102,-1.6727738813748454,0.4391445979643238,DOORMAT UNION JACK GUNS AND ROSES,24024.170000000024
21791,-3.0602223488224167,0.8667840307183039,104,-2.3341601944242143,0.5435981550328239,VINTAGE HEADS AND TAILS CARD GAME,23993.22999999994
84406B,-3.352973818654523,0.5783728203515741,102,-2.7886725556824894,0.3465348738547773,CREAM CUPID HEARTS COAT HANGER,23820.80000000004
22605,-2.202572840958774,1.001360528063073,85,-1.9091505841142602,0.6138409916881762,WOODEN CROQUET GARDEN SET,23743.770000000073
48173C,-5.059009521845247,1.012354311073195,96,-2.9949720896342935,0.6190044419028146,DOORMAT BLACK FLOCK,23335.250000000007
22554,-1.9744528592575148,0.674496795225477,88,-1.869744560560776,0.4190171919912743,PLASTERS IN TIN WOODLAND ANIMALS,23329.359999999884
22113,-2.758869295098884,1.3567424349590576,64,-1.988542776355062,0.7447757525983387,GREY HEART HOT WATER BOTTLE,23172.82000000002
22607,-3.744938748591614,1.3318155350963887,71,-2.254583414297973,0.737662322719532,WOODEN ROUNDERS GARDEN SET,23139.30000000014
22585,-1.983808954948983,2.017321500024237,91,-1.7593539137123297,0.8657983809665676,PACK OF 6 BIRDY GIFT TAGS,22903.919999999936
21936,-2.624990882041499,0.4418390853078733,101,-2.4121837255265532,0.23633993934690034,RED RETROSPOT PICNIC BAG,22847.59000000016
37449,-2.4831924897539244,1.2716949982251122,86,-1.9374370169602113,0.7193962533099763,CERAMIC CAKE STAND + HANGING CAKES,22702.460000000105
22556,-3.910483071545073,1.2675002320926048,89,-2.3408601938438585,0.7180603894911289,PLASTERS IN TIN CIRCUS PARADE,22694.129999999852
22969,-0.1559485929545955,0.9151728451824603,55,-1.0506858553197094,0.5703998794521559,HOMEMADE JAM SCENTED CANDLES,22459.250000000065
84970S,-0.6671935982001636,1.0324244272368213,104,-1.3314537418774268,0.6282197780465589,HANGING HEART ZINC T-LIGHT HOLDER,22132.180000000324
85014A,-3.2626355866442185,0.3813785157424019,102,-2.9744392965903623,0.18737491636001624,BLACK/BLUE POLKADOT UMBRELLA,22054.250000000044
21210,-2.2951952286777355,0.8626210558726699,96,-1.986364136669445,0.5412082962127083,SET OF 72 RETROSPOT PAPER  DOILIES,21957.260000000086
22499,-3.542061591965943,0.6424796250303025,95,-2.8231633968775767,0.3955425633855636,WOODEN UNION JACK BUNTING,21910.640000000065
22456,-1.2605672817610685,0.4938474264114519,89,-1.389941500699298,0.2788265380641355,NATURAL SLATE CHALKBOARD LARGE,21883.979999999945
85048,-2.734934879508748,0.7199055977157188,57,-2.279224923164745,0.45103174627342524,15CM CHRISTMAS GLASS BALL 20 LIGHTS,21826.899999999998
21213,-0.6367959334511666,0.7424631742252061,104,-1.1440778984900128,0.4663518039145669,PACK OF 72 SKULL CAKE CASES,21734.850000000122
22570,-4.680068013420137,1.0981374968863213,85,-2.7396034341698634,0.6565593131981688,FELTCRAFT CUSHION RABBIT,21579.789999999975
22424,-1.0730769997564895,0.4093649323380413,82,-1.2098237547878978,0.20989987644186747,ENAMEL BREAD BIN CREAM,21305.959999999915
22356,-0.8610348368557443,0.3652573354198646,104,-1.0117858447813264,0.17457574345093518,CHARLOTTE BAG PINK POLKADOT,21252.43999999998
22294,-3.2716164361065436,1.3538536356947246,103,-2.120663206186997,0.7439645806386619,HEART FILIGREE DOVE  SMALL,21217.01999999999
22617,-1.8660490406814738,15.374813878556576,90,-1.7249391936248293,0.9973385757889688,BAKING SET SPACEBOY DESIGN,21162.89000000014
21218,-0.5618051056480438,0.20170508238051213,104,-0.6322560799621979,0.060589566041513665,RED SPOTTY BISCUIT TIN,21102.060000000092
22568,-3.780319523910022,2.4004990317314134,91,-1.927398633661294,0.9013326931837321,FELTCRAFT CUSHION OWL,21056.49999999998
22569,-4.329047149482937,0.8886526341898576,85,-2.8811299033002533,0.5559323697104122,FELTCRAFT CUSHION BUTTERFLY,20924.960000000006
48116,-1.9753498120195898,0.6031171872274628,88,-1.8836259664117505,0.3657437668881617,DOORMAT MULTICOLOUR STRIPE,20803.159999999978
21559,-1.7424655426789453,0.4708515575476152,104,-1.737809715349374,0.26005988904893973,STRAWBERRY LUNCH BOX WITH CUTLERY,20683.919999999664
20723,-0.5453133425558385,0.4244758356827138,104,-0.8073137271021175,0.2221755700804704,STRAWBERRY CHARLOTTE BAG,20677.61999999999
85150,-2.832627515871601,2.3877529253810756,89,-1.8349461735388684,0.9003817037395724,LADIES & GENTLEMEN METAL SIGN,20668.229999999814
22900,-2.2552447577380224,0.45441436655618367,63,-2.1243682331387643,0.2466194352560538,SET 2 TEA TOWELS I LOVE LONDON,20544.20999999997
21216,-0.32997658543534275,0.2560542629958394,98,-0.4612792629141753,0.094151721372986,"SET 3 RETROSPOT TEA,COFFEE,SUGAR",20528.580000000125
22693,-3.658760593667837,1.4811538100323076,68,-2.1565118992659054,0.7766778422154291,GROW A FLYTRAP OR SUNFLOWER IN TIN,20499.079999999998
22273,-2.7803705924929596,1.561290849061081,100,-1.9416128182407262,0.7944226702514339,FELTCRAFT DOLL MOLLY,20345.770000000128
21622,-1.3218342317444818,0.5676239384487738,94,-1.4579920151009884,0.33808835221015054,VINTAGE UNION JACK CUSHION COVER,20164.639999999967
22558,-3.1337044182609324,1.5319772304865897,69,-2.0230714524721294,0.788162682828204,CLOTHES PEGS RETROSPOT PACK 24,20163.06999999989
22381,-1.4316150992493262,0.2899801388227116,98,-1.4660729726779973,0.11762472400946178,TOY TIDY PINK POLKADOT,19974.7699999999
22413,-1.4908619962171739,1.6892129900200004,97,-1.6822526327601937,0.8189564001499097,METAL SIGN TAKE IT OR LEAVE IT,19970.240000000093
22169,-1.508046177142021,0.6758243567502796,99,-1.598977645514942,0.4199748503723568,FAMILY ALBUM WHITE PICTURE FRAME,19956.299999999985
21174,-0.9949135750990186,0.5817036882611587,104,-1.2496633975170528,0.3491402035173511,POTTERING IN THE SHED METAL SIGN,19864.319999999756
22952,-6.334947066088628,0.7371720136217419,51,-4.20128988995261,0.46279376688634577,60 CAKE CASES VINTAGE CHRISTMAS,19812.430000000113
48129,-1.158449168818323,0.8693448439951801,101,-1.4670158675220693,0.5450615739505769,DOORMAT TOPIARY,19790.140000000018
71053,-1.4307045863307373,0.6800555844893471,104,-1.5550120001386594,0.423018573015023,WHITE MOROCCAN METAL LANTERN,19718.61000000004
84997A,-3.046021992039331,0.8678417548107569,91,-2.3268795499907906,0.5442032250231809,CHILDRENS CUTLERY POLKADOT GREEN,19704.57000000001
84949,-3.1585633760182303,1.2193994382412914,102,-2.1517015345048653,0.7021348141752188,SILVER HANGING T-LIGHT HOLDER,19568.459999999963
21340,-2.248451676312877,0.6092266643559892,77,-2.0543862054279667,0.37043239464705724,CLASSIC METAL BIRDCAGE PLANT HOLDER,19541.459999999977
21908,0.2480841936742504,1.7097904415747824,104,-1.374455622691105,0.8225191605896295,CHOCOLATE THIS WAY METAL SIGN,19534.110000000106
22427,-3.7595019889092893,1.4027529525937743,70,-2.218551814752631,0.7572462411158175,ENAMEL FLOWER JUG CREAM,19517.110000000062
22041,-1.6967766861771374,0.37424390907602956,100,-1.7018251642813629,0.18169174423422763,"RECORD FRAME 7"" SINGLE SIZE",19371.45999999988
22061,-2.7543808743488016,0.31847035005541363,95,-2.611736251058886,0.13851436913328163,LARGE CAKE STAND  HANGING STRAWBERY,19300.47000000003
22555,-3.0979933977102285,1.3473441101924213,89,-2.07873729654369,0.7421241254239075,PLASTERS IN TIN STRONGMAN,19277.9699999999
84947,-2.244266037766513,0.7992653307994557,103,-1.9827717237723923,0.5031606763713612,ANTIQUE SILVER TEA GLASS ENGRAVED,19223.03999999998
21484,-2.9137750739781327,0.3814088979086973,95,-2.6909176424998704,0.18739917679125673,CHICK GREY HOT WATER BOTTLE,19113.15000000001
21035,-0.8837602323626991,0.5456305594618639,104,-1.1533502342502038,0.3206341941788714,SET/2 RED RETROSPOT TEA TOWELS,18988.37
21121,-4.273392540571805,2.4273205517005767,104,-1.9710562730675127,0.9032914536357728,SET/10 RED POLKADOT PARTY CANDLES,18979.329999999987
22847,-0.6258219786441425,2.143936073060395,51,-1.591972197726818,0.8793250805844113,BREAD BIN DINER STYLE IVORY,18890.09000000007
84945,-2.08860623829422,0.08901781956308058,91,-2.084089817361458,0.012406263790062377,MULTI COLOUR SILVER T-LIGHT HOLDER,18617.800000000087
21430,-0.942170000449865,0.49684320917036934,80,-1.1622298833574942,0.2812652781545798,SET/3 RED GINGHAM ROSE STORAGE BOX,18551.69999999993
22147,-2.7986972426827523,0.9968115507740668,102,-2.141670363579819,0.6116802088069135,FELTCRAFT BUTTERFLY HEARTS,18425.549999999963
22505,-1.8928329964608648,0.654294408774149,90,-1.8248032449769305,0.4042883858013425,MEMO BOARD COTTAGE DESIGN,18357.680000000022
22560,-3.80379919354837,2.0143669507927,89,-2.0043084885662203,0.8654574201427421,TRADITIONAL MODELLING CLAY,18313.04999999996
21914,-1.7624683838614437,0.47147311480688203,92,-1.7525913627952538,0.2605679143560007,BLUE HARMONICA IN BOX,18198.09999999998
22654,-1.1316754991207523,0.5137622702167006,70,-1.3065772890479026,0.29500014146507203,DELUXE SEWING KIT,18177.57000000001
22352,-1.2065828768040525,0.3221158906403604,104,-1.2797491635341234,0.1412531766115015,LUNCH BOX WITH CUTLERY RETROSPOT,18115.869999999763
22776,0.14242589745795298,0.3049598221165246,60,-0.09746205224072724,0.12848924624105285,SWEETHEART 3 TIER CAKE STAND,18084.63000000004
22297,-1.9432004930635687,0.342256210030619,104,-1.908958261353002,0.15661620786442054,HEART IVORY TRELLIS SMALL,18064.099999999955
22557,-1.1994006767127376,1.10620312992353,89,-1.5459298284006586,0.6598519638560694,PLASTERS IN TIN VINTAGE PAISLEY,17834.259999999922
20718,-0.6018304482612338,0.2959565752215729,104,-0.7387205707895766,0.12192589091534223,RED RETROSPOT SHOPPER BAG,17739.999999999996
21136,-0.6893209736919554,1.950723082961305,102,-1.5773552222354232,0.8578038142330855,PAINTED METAL PEARS ASSORTED,17738.890000000185
47591D,-4.126566058784292,2.3115578448716536,100,-1.978187852452108,0.894410968777166,PINK FAIRY CAKE CHILDRENS APRON,17698.8700000001
21889,-1.7499718270783018,0.7336490740412918,104,-1.7382731145607346,0.46041267252173923,WOODEN BOX OF DOMINOES,17636.319999999992
84992,-0.24182212912097967,1.6280592715534437,103,-1.439526232064583,0.8077637965232907,72 SWEETHEART FAIRY CAKE CASES,17585.160000000036
21156,-2.713354605286759,1.1322760852317404,103,-2.0506361978132124,0.6702303715968161,RETROSPOT CHILDRENS APRON,17502.96000000005
22366,-1.0131192668762221,0.49985324763259265,99,-1.2149655491423408,0.28371377171676637,DOORMAT AIRMAIL,17445.64
84970L,-1.745881707335503,0.6935020402405412,103,-1.7366589927287464,0.43260400283861666,SINGLE HEART ZINC T-LIGHT HOLDER,17431.989999999867
22652,-2.7053449335967823,0.5812999643877605,70,-2.3632238119137563,0.3488247323788649,TRAVEL SEWING KIT,17265.28
35004C,-0.6057854688604377,0.4803302788464626,63,-0.90539796534693,0.26780354897642566,SET OF 3 COLOURED  FLYING DUCKS,17049.03000000001
21535,-3.208574966889305,1.2024647288714172,103,-2.1753280943203666,0.6962522161407921,RED RETROSPOT SMALL MILK JUG,16926.249999999804
21164,0.5177934569220936,1.3921448482914782,103,-1.173939764410902,0.7544444992241591,HOME SWEET HOME METAL SIGN,16865.400000000114
72760B,-2.486862864753043,0.6248169231242876,89,-2.1954406068649335,0.3822932852053412,VINTAGE CREAM 3 BASKET CAKE STAND,16794.939999999988
22487,-0.45140637732970523,0.48959318052405554,90,-0.8019832410946872,0.2753604365116301,WHITE WOOD GARDEN PLANT LADDER,16569.300000000065
22191,-3.7479492820228435,0.13417478840945796,87,-3.6918046287982857,0.02774786193157952,IVORY DINER WALL CLOCK,16522.049999999985
22993,-0.5288463476181324,5.795281954760061,43,-1.7025187115956528,0.9815642499275762,SET OF 4 PANTRY JELLY MOULDS,16507.229999999967
84375,-1.1024859993367753,0.37767943254707004,96,-1.2172123891705173,0.18442484840319395,SET OF 20 KIDS COOKIE CUTTERS,16504.320000000116
21155,-1.0782045798271662,0.424018881542968,93,-1.2215690723867354,0.22180352001949022,RED RETROSPOT PEG BAG,16493.109999999862
22296,-2.513198030974415,0.5542281916246856,91,-2.2549331416492278,0.3274832599706443,HEART IVORY TRELLIS LARGE,16456.85999999988
22662,-2.6715914537646603,2.829060185335777,72,-1.793749433237085,0.9269433054005946,LUNCH BAG DOLLY GIRL DESIGN,16421.109999999906
22193,-1.0099939632156667,1.699889179203543,78,-1.5965241905858085,0.8208171556230002,RED DINER WALL CLOCK,16355.979999999972
22634,-1.7757038192071775,0.5039105510214809,79,-1.761025738423566,0.2870109864455268,CHILDS BREAKFAST SET SPACEBOY,16313.049999999985
22619,-1.6602680193584833,0.936760327562331,82,-1.6976737667150419,0.5817865939540555,SET OF 6 SOLDIER SKITTLES,16261.069999999947
22759,-2.8051141568822384,0.859743812005515,69,-2.2221040205560776,0.5395486714827074,SET OF 3 NOTEBOOKS IN PARCEL,16205.739999999949
22635,-4.4033730435698555,5.3940052099013895,74,-1.7814080461261257,0.9787796076474563,CHILDS BREAKFAST SET DOLLY GIRL,16133.789999999975
21877,-0.1641415156985581,0.8201036126734225,102,-0.9693564039852018,0.5160240890295346,HOME SWEET HOME MUG,16126.020000000004
22367,-1.5458537579112446,0.4348257144468199,100,-1.5870663691431635,0.23061311304195786,CHILDRENS APRON SPACEBOY DESIGN,16094.060000000052
22940,-4.030233707203238,1.176751867160151,48,-2.446162142509529,0.6870327628471975,FELTCRAFT CHRISTMAS FAIRY,16090.040000000006
22692,-1.6047826058505463,0.3164668579854143,72,-1.6211942794615504,0.13701510407904038,DOORMAT WELCOME TO OUR HOME,16041.339999999995
22690,-4.07939955714945,0.7686635750453836,70,-2.940490302211326,0.4836467637380021,DOORMAT HOME SWEET HOME BLUE,15945.71999999996
22170,-2.1311247888228735,0.4624052826982032,97,-2.0282018445722176,0.2531542695630721,PICTURE FRAME WOOD TRIPLE PORTRAIT,15908.660000000013
22333,-1.6660134521222925,0.2820726165181365,101,-1.6725713039212688,0.11200585744129588,RETROSPOT PARTY BAG + STICKER SET,15877.370000000088
22749,-3.7873618929470436,1.1188064161359292,64,-2.415767754484211,0.6649188646762041,FELTCRAFT PRINCESS CHARLOTTE DOLL,15808.57999999998
22173,-1.2232808090590157,0.5338206138202183,83,-1.3792680885546367,0.31117680793567437,METAL 4 HOOK HANGER FRENCH CHATEAU,15783.700000000154
22909,-6.6767131811490845,0.7928154570788962,52,-4.2050479254745845,0.49910947461756483,SET OF 20 VINTAGE CHRISTMAS NAPKINS,15779.530000000113
21891,-2.0502442569029817,0.7737051250658092,92,-1.8916657612624965,0.4869126366874875,TRADITIONAL WOODEN SKIPPING ROPE,15756.649999999961
21094,-2.1592040479369827,0.7416203536246944,104,-1.9567539414191095,0.46578651279765804,SET/6 RED SPOTTY PAPER PLATES,15723.970000000016
84378,-2.825726131775935,0.8333555635809936,104,-2.2486879240038933,0.5240259154835003,SET OF 3 HEART COOKIE CUTTERS,15596.12999999998
22730,-2.2411957250309413,1.0663595584495815,63,-1.908898709929765,0.6431973166799807,ALARM CLOCK BAKELIKE IVORY,15567.789999999988
21844,-2.126519874438695,0.6750633063593203,100,-1.9579285545767686,0.4194260102801266,RED RETROSPOT MUG,15556.670000000053
22365,-2.076446806858318,0.5206063643920448,95,-1.9706935269764523,0.3005343500150195,DOORMAT RESPECTABLE HOUSE,15518.929999999997
22946,-2.4302729705084465,0.9278951194775464,44,-2.0229705884222713,0.5771523576884873,WOODEN ADVENT CALENDAR CREAM,15485.219999999987
85232B,-1.772008268135429,0.4437276096480081,55,-1.7607217608221184,0.237882969403017,SET/3 RUSSIAN DOLL STACKING TINS,15466.180000000071
82582,-4.810741340489286,0.5401798334537474,97,-3.8346569312459473,0.31627604990829405,AREA PATROLLED METAL SIGN,15461.770000000073
21122,-1.4992979220346545,0.4050803429308155,99,-1.545799618770623,0.20643133780292933,SET/10 PINK POLKADOT PARTY CANDLES,15455.059999999989
84050,-1.50866486698971,0.4553761878732214,95,-1.5620792652494928,0.24740597338539494,PINK HEART SHAPE EGG FRYING PAN,15443.919999999867
21975,-2.167687142944021,1.588850922490722,104,-1.813152430422931,0.8000792300942025,PACK OF 60 DINOSAUR CAKE CASES,15381.950000000075
21165,-2.1931931710648795,0.8107723869727241,100,-1.9540479863456113,0.5103064525100234,BEWARE OF THE CAT METAL SIGN,15359.799999999974
35970,-3.311843833541553,0.37137639546318396,75,-3.027060595328804,0.17941574502635738,ZINC FOLKART SLEIGH BELLS,15257.260000000068
22606,-2.170368641068736,0.27693360929101224,78,-2.1220431821451182,0.10840019789366195,WOODEN SKITTLES GARDEN SET,15009.54000000006
21912,-1.10233345466631,0.5001568104224543,103,-1.2790220235496186,0.28396059447887145,VINTAGE SNAKES & LADDERS,14968.489999999934
22179,-1.7518816257627638,0.3754955422918836,100,-1.746890810221823,0.18268669530835047,SET 10 NIGHT OWL LIGHTS,14960.500000000053
17003,-3.7148822916868296,0.777533136113951,98,-2.740861724162638,0.48937896275146553,BROCADE RING PURSE,14959.190000000059
22150,-3.2692460984718434,1.2357099178271023,103,-2.1761313989337063,0.7076625908896669,3 STRIPEY MICE FELTCRAFT,14841.400000000069
21770,-1.5369804664916065,0.9899534176208586,63,-1.6511046135314131,0.6083954884779763,OPEN CLOSED METAL SIGN,14832.049999999994
22485,-1.3750239540932727,0.3652124648573324,90,-1.436032554874501,0.17454033999637675,SET OF 2 WOODEN MARKET CRATES,14779.839999999971
21380,-2.848339503042995,0.9378012972289785,102,-2.1939339475616455,0.582326951199519,WOODEN HAPPY BIRTHDAY GARLAND,14672.980000000085
21259,-1.965154746354421,0.8686265587119634,104,-1.8341158671451674,0.5446516108211643,VICTORIAN SEWING BOX SMALL,14564.079999999925
21672,-1.661234421424828,0.40816325917739754,101,-1.674465361849477,0.20892646406329074,WHITE SPOT RED CERAMIC DRAWER KNOB,14529.81
21257,-0.4010562067439024,0.41650181241163875,102,-0.6865234702552809,0.21569012186690983,VICTORIAN SEWING BOX MEDIUM,14505.730000000014
22804,-4.119289649588504,1.2059110574982552,63,-2.449060053517774,0.6974613758432766,PINK HANGING HEART T-LIGHT HOLDER,14461.280000000057
22295,-3.5224189550808855,2.1740568335467083,94,-1.9362516983108884,0.8822547396887981,HEART FILIGREE DOVE LARGE,14426.649999999921
21169,-2.215160093000986,0.7474355201610418,83,-1.9847384796288248,0.4696755173891991,YOU'RE CONFUSING ME METAL SIGN,14426.419999999984
22627,0.6339017976862574,2.1439295479144533,73,-1.439953609160603,0.8793244346676784,MINT KITCHEN SCALES,14424.679999999964
84380,-0.9534120278751315,0.6950010292452861,104,-1.287832492502436,0.43366426753947873,SET OF 3 BUTTERFLY COOKIE CUTTERS,14338.179999999991
20748,-2.235792940024244,0.5247622264152292,66,-2.0804363152443206,0.30388774736608903,KENSINGTON COFFEE SET,14317.979999999994
22444,-1.0118222327987865,0.6877618919296105,54,-1.317251754350791,0.4285284224098065,GROW YOUR OWN PLANT IN A CAN,14233.650000000012
22271,-1.1264445939952152,0.8515395977840696,98,-1.446306742838126,0.5347809715741535,FELTCRAFT DOLL ROSIE,14218.250000000118
22109,-1.692751022280096,0.46277649820453864,102,-1.7008139254875634,0.25345783142460154,FULL ENGLISH BREAKFAST PLATE,14216.42999999991
21098,-3.56411917503408,0.7213614018033729,57,-2.7325801268828886,0.45203234124135916,CHRISTMAS TOILET ROLL,14212.959999999977
21888,-1.5101883659196162,0.3141686845800156,103,-1.5391933337245083,0.13530060060124138,BINGO SET,14171.589999999938
22236,-2.9280686800789315,10.727358599505814,83,-1.7311237854605188,0.9945483055799308,CAKE STAND 3 TIER MAGIC GARDEN,14122.419999999986
21669,-2.3140576806174993,0.6331386947896753,92,-2.0850027616660594,0.3885612303816405,BLUE STRIPE CERAMIC DRAWER KNOB,14092.170000000016
22667,-1.973929321847183,2.4786619927245517,67,-1.7477818922263655,0.9068871045362232,RECIPE BOX RETROSPOT,14081.950000000064
21668,-1.551517420025798,0.4325376211222145,97,-1.5911008549522823,0.22874619318584088,RED STRIPE CERAMIC DRAWER KNOB,14053.290000000003
21871,-1.0212655608236207,0.43733651339586643,95,-1.1848965006111074,0.23266261872925498,SAVE THE PLANET MUG,13955.909999999989
22621,-3.0766505969827613,0.9294319761153457,80,-2.295197968368614,0.577959905336709,TRADITIONAL KNITTING NANCY,13863.409999999918
21539,-1.300087272452941,0.7256577013872169,97,-1.4932132640191829,0.4549757350142687,RETRO SPOTS BUTTER DISH,13853.5900000001
22636,-2.3577204002085574,0.38274055284992475,76,-2.2383935968040194,0.1884629875539673,CHILDS BREAKFAST SET CIRCUS PARADE,13821.229999999996
22846,1.0897070600896142,1.1142392611727996,55,-0.7764173377265583,0.6630936611697122,BREAD BIN DINER STYLE RED,13767.32000000002
22207,-1.0418270600827757,0.5640082651996783,99,-1.270703398815527,0.33523423421763443,FRYING PAN UNION FLAG,13724.410000000044
47556B,-4.595077576081847,7.374149443190412,52,-1.757479485678544,0.9885327726544163,TEA TIME TEA TOWELS,13693.96999999997
21390,-3.042226582335892,0.9824261637474613,103,-2.245365960695689,0.6047525434992254,FILIGRIS HEART WITH BUTTERFLY,13662.969999999992
22198,-2.1168496739738587,0.6705570732391546,60,-1.9535924754006986,0.4161677132350663,"POPCORN HOLDER , LARGE",13603.929999999958
22838,0.16143148969245838,0.8770093475197751,49,-0.8747549239331426,0.5494112618129823,3 TIER CAKE TIN RED AND CREAM,13579.160000000013
21673,-1.484015376436466,0.2986685282284162,104,-1.5138173831926391,0.12389252127330774,WHITE SPOT BLUE CERAMIC DRAWER KNOB,13568.06
22553,-2.3271084951206875,0.9311042808085589,89,-1.9783328777967457,0.5788366368615985,PLASTERS IN TIN SKULLS,13529.259999999918
22584,-2.548992396170149,0.776692513468219,88,-2.145979508107738,0.4888383567057083,PACK OF 6 PANETTONE GIFT BOXES,13478.789999999994
22580,-2.5704940454048315,1.5487811133650469,45,-1.9007002978544192,0.7917825747045251,ADVENT CALENDAR GINGHAM SACK,13420.520000000022
21935,-0.6275023617649937,0.33114374628411675,103,-0.7899691662358307,0.14809286959670054,SUKI  SHOULDER BAG,13353.809999999954
21704,-2.8499920976493383,0.9656616283860863,97,-2.178678527136725,0.5964954666226283,BAG 250g SWIRLY MARBLES,13347.600000000046
20676,-1.6798548567714955,0.5384336622965699,104,-1.6939323265579345,0.3148773951409869,RED RETROSPOT BOWL,13346.659999999942
22464,-1.4560708299809328,0.6979054013591786,92,-1.5730564180341096,0.43571380740002885,HANGING METAL HEART LANTERN,13277.219999999925
22646,-1.8852592794840508,0.2953823404906502,82,-1.86573292650219,0.12151064786745969,CERAMIC STRAWBERRY CAKE MONEY BANK,13232.409999999922
15044A,-1.7793146494070045,0.52764121528832,80,-1.7625491734787095,0.30620749056769747,PINK PAPER PARASOL,13228.55000000007
75049L,-2.3157239516577777,0.6380028596127019,81,-2.0838681687879936,0.39220391731680004,LARGE CIRCULAR MIRROR MOBILE,13186.31
21906,-0.2448582190961385,0.47335152880446635,93,-0.6326932529451526,0.2621030449181452,PHARMACIE FIRST AID TIN,13184.050000000036
22088,-1.8881261657917536,1.2374101881949175,80,-1.77228537640618,0.7082311756995603,PAPER BUNTING COLOURED LACE,13109.340000000027
84988,-1.2445880904354762,0.2542218809198098,104,-1.2891939419603031,0.092933785185908,SET OF 72 PINK HEART PAPER DOILIES,13075.14999999994
22144,-4.644958708930659,0.8588788134745016,48,-3.0707236708493983,0.5390484715091467,CHRISTMAS CRAFT LITTLE FRIENDS,13024.09000000007
22834,-3.1954307922614267,1.0389046815897738,47,-2.267110185570496,0.6311378787984021,HAND WARMER BABUSHKA DESIGN,12923.250000000005
22943,-3.6100477220075993,0.6191939798357126,40,-2.897272282029852,0.37803292432926827,CHRISTMAS LIGHTS 10 VINTAGE BAUBLES,12813.52000000003
22616,-1.595412561241487,0.5749530582656678,83,-1.639821329247394,0.3438539799703294,PACK OF 12 LONDON TISSUES,12764.059999999956
22303,-3.1192154952085698,1.1971766209364667,99,-2.1507897644937404,0.6943847896695357,COFFEE MUG APPLES DESIGN,12734.779999999959
22623,-2.2806442783097305,0.7759155275989692,81,-2.0090883832763766,0.4883381782263594,BOX OF VINTAGE JIGSAW BLOCKS,12687.38000000005
22082,-2.2848985613079935,1.0857389175025032,104,-1.9198842509397842,0.651420505758229,RIBBON REEL STRIPES DESIGN,12682.96999999998
22301,-1.2687964040481705,0.4497171484587633,102,-1.379446721797545,0.24277866466772258,COFFEE MUG CAT + BIRD DESIGN,12522.059999999969
15056P,-2.677942698783413,1.1154144803743196,93,-2.045313531700647,0.6635645041223185,EDWARDIAN PARASOL PINK,12497.320000000027
21671,-1.3985659279478655,0.37855732316728197,91,-1.4589158431949063,0.1851243074940223,RED SPOT CERAMIC DRAWER KNOB,12474.380000000012
62018,-8.732232560823272,0.6613841866127134,69,-5.862660439592219,0.40949019473692216,SOMBRERO,12456.700000000004
22631,-1.1806324857779555,0.3525569004663431,76,-1.2701688757037228,0.16461008736617022,CIRCUS PARADE LUNCH BOX,12381.65999999994
22791,-1.635529818831001,0.7318031605038763,53,-1.6764102350353471,0.4591611998102044,T-LIGHT GLASS FLUTED ANTIQUE,12336.709999999985
20969,-1.0840574581935727,0.8570584764538624,101,-1.428645355261195,0.5379939269450382,RED FLORAL FELTCRAFT SHOULDER BAG,12315.099999999984
22192,2.961449457936607,3.6366134757364206,84,-1.5112265289083284,0.9544738457778374,BLUE DINER WALL CLOCK,12291.75999999999
21670,-1.6339903099876678,0.4986048581704708,100,-1.6595949724478998,0.28269851223585285,BLUE SPOT CERAMIC DRAWER KNOB,12287.34000000001
22729,-2.401722391791412,0.32327813363037267,62,-2.3054782150477937,0.1421292039960681,ALARM CLOCK BAKELIKE ORANGE,12272.629999999996
20975,-3.6535806691803896,1.080312655410059,89,-2.401374672358593,0.6491416755925752,12 PENCILS SMALL TUBE RED RETROSPOT,12266.780000000052
21124,-3.7903607364504373,0.8589219593533681,100,-2.676743859351718,0.5390734351480345,SET/10 BLUE POLKADOT PARTY CANDLES,12254.049999999997
22750,-5.203388071299292,7.3306459148854355,63,-1.7649244974527665,0.9883978486584016,FELTCRAFT PRINCESS LOLA DOLL,12121.469999999985
21937,-2.9369207720348847,0.6898959687882615,75,-2.4155503985943296,0.4300465010526273,STRAWBERRY   PICNIC BAG,12118.51
21154,-0.6051628120214121,0.3252945840174176,104,-0.7659671706553957,0.14365229908092936,RED RETROSPOT OVEN GLOVE,12107.719999999983
22968,-0.6473047225867236,1.0234369779167778,50,-1.3196499781015212,0.6241265399076994,ROSE COTTAGE KEEPSAKE BOX,12002.009999999982
21787,-2.8216977816668236,0.7416430965691903,85,-2.3106502854743134,0.4658017740810242,RAIN PONCHO RETROSPOT,11993.159999999973
21428,-2.5025415254584824,0.4251429655269372,84,-2.329270982489798,0.222718824155838,SET3 BOOK BOX GREEN GINGHAM FLOWER,11992.93000000004
21242,-0.7884748531496821,0.4876744596415584,102,-1.0447720902271866,0.27379615581635064,RED RETROSPOT PLATE,11984.470000000092
21326,-1.1241219007126764,0.8950425790348937,102,-1.460048727831354,0.5594670815894711,AGED GLASS SILVER T-LIGHT HOLDER,11972.479999999972
84212,-1.7221868636738304,0.42839979342029944,87,-1.7227222972445488,0.22537220809260106,"ASSORTED FLOWER COLOUR ""LEIS""",11966.040000000017
22243,-0.22143489006234018,0.6464076446338772,77,-0.8203724406322055,0.398460843582246,"HOOK, 5 HANGER ,MAGIC TOADSTOOL RED",11960.959999999986
22637,-1.6374325091227497,0.3734313764637226,79,-1.6532070991973755,0.18104632950461685,PIGGY BANK RETROSPOT,11915.480000000021
84987,-1.4021720649243115,0.43216062782185677,104,-1.4758185394319585,0.22843867219583347,SET OF 36 TEATIME PAPER DOILIES,11896.699999999932
47567B,-2.309793803978124,0.7488773179809954,89,-2.034363153018131,0.47063565152956377,TEA TIME KITCHEN APRON,11886.390000000045
22488,-0.38691712826607527,0.5358156582496739,92,-0.8053035052238154,0.3127782165178372,NATURAL SLATE RECTANGLE CHALKBOARD,11879.17
22468,-0.7785847718012828,0.6648575859811853,85,-1.1683520037124677,0.4120257415311007,BABUSHKA LIGHTS STRING OF 10,11853.38000000001
22844,-0.8846708053025107,0.6971154620729035,59,-1.2501556098783706,0.43515699310554956,VINTAGE CREAM DOG FOOD CONTAINER,11831.219999999987
21260,-0.4857964998501438,1.0578480220993693,101,-1.2780006343180772,0.6395106468335998,FIRST AID TIN,11821.18
22508,-1.3630942408770288,0.6504734462582181,90,-1.5082131083798183,0.40147041495804614,DOORSTOP RETROSPOT HEART,11787.789999999988
21429,-1.254821787985189,0.837831969819062,87,-1.5022331673228178,0.5266976018333427,RED GINGHAM ROSE JEWELLERY BOX,11785.979999999961
22649,-1.2891413337615487,0.46339368769379485,78,-1.3997220303824482,0.2539625311654682,STRAWBERRY FAIRY CAKE TEAPOT,11772.37000000008
22151,-2.155839876860317,0.7177430347547117,104,-1.9619624804431106,0.4495423803467947,PLACE SETTING WHITE HEART,11754.849999999999
22988,-2.5114795971276407,3.6936836674229725,46,-1.7593379827074143,0.9558081141487614,SOLDIERS EGG CUP,11753.719999999985
22795,-0.012438025383324239,1.74841274593595,48,-1.431698943943412,0.8289472085517723,SWEETHEART RECIPE BOOK STAND,11731.060000000025
22740,-4.1768283082541,1.054443164823682,42,-2.6122267044017855,0.638022879419065,POLKA DOT PEN,11711.489999999956
37370,-0.2986540118159929,0.1875128237772081,85,-0.3739384561011698,0.052797523549210856,RETRO COFFEE MUGS ASSORTED,11582.36
22694,-3.6139896522606256,0.5347267022286438,67,-3.0246692374606727,0.31190430243762834,WICKER STAR,11576.10000000007
22663,-1.534407574939706,1.0555821639729004,72,-1.6558256523080033,0.6385214005368074,JUMBO BAG DOLLY GIRL DESIGN,11531.859999999908
21735,-1.3708782877327634,0.5929066350631024,72,-1.49744738892655,0.3578589241935697,TWO DOOR CURIO CABINET,11503.149999999998
21172,-2.2919708395182044,0.6288792908498587,97,-2.0733151720929146,0.38535866586208545,PARTY METAL SIGN,11492.219999999934
22768,-1.6558264849155369,1.6735532813649399,61,-1.7119274322600742,0.8161781623211818,FAMILY PHOTO FRAME CORNICE,11484.059999999967
21868,-2.430610061784903,0.3477372452097296,94,-2.317035809239168,0.1608592408470535,POTTING SHED TEA MUG,11408.720000000027
47599A,-3.0457140461998,0.8970613560097881,88,-2.3051065141228384,0.5605773325008532,PINK PARTY BAGS,11348.580000000025
22620,-1.651143183833123,0.8678650837621539,82,-1.6910992668139617,0.5442165605495362,4 TRADITIONAL SPINNING TOPS,11343.549999999925
21922,-2.5441227832851756,0.4552524630973437,77,-2.341441629433602,0.2473047952475338,UNION STRIPE WITH FRINGE  HAMMOCK,11297.81999999997
22130,-1.3320840013341524,0.15439102104081925,64,-1.3463749241838976,0.036411976357905274,PARTY CONE CHRISTMAS DECORATION,11290.020000000033
72351B,-2.890036056438656,1.5761015900224635,101,-1.9605833441862024,0.7974894131238617,SET/6 PINK  BUTTERFLY T-LIGHTS,11271.040000000037
22417,-1.860018381449071,0.4940144530542934,97,-1.8222313014455982,0.2789625535369957,PACK OF 60 SPACEBOY CAKE CASES,11258.890000000014
21833,-1.4314680076711472,0.9058555063802018,95,-1.5971771705019417,0.5653776818840321,CAMOUFLAGE LED TORCH,11218.490000000034
20828,-2.11336262046619,0.4944258303246341,102,-2.0047717460656034,0.27929752926482754,GLITTER BUTTERFLY CLIPS,11095.909999999976
21907,-4.125095134166371,1.861923233004577,97,-2.0941131075730595,0.8460547941260566,I'M ON HOLIDAY METAL SIGN,11068.430000000058
22174,-0.7367729766749794,0.4007065913694704,91,-0.9371927455104705,0.20289721245737713,PHOTO CUBE,11036.299999999997
22904,-2.5746783448875097,0.4815322677704724,59,-2.346180136001686,0.26878483377258755,CALENDAR PAPER CUT DESIGN,11003.040000000008
21749,-2.490592060104552,0.480001159712923,85,-2.2856525086407147,0.26753483042183634,LARGE RED SPOT WINDMILL,10997.820000000029
21558,-1.1069963135267444,0.36356031826480195,87,-1.213982080231014,0.1732376951506135,SKULL LUNCH BOX WITH CUTLERY,10988.519999999951
22595,-3.968547763087844,1.0191497752606151,73,-2.5724413316414485,0.6221549403411948,GINGHAM HEART DECORATION,10977.700000000004
22274,-1.7499040279451852,1.2999789092293899,102,-1.7314506570120867,0.7281909627968114,FELTCRAFT DOLL EMILY,10973.70000000003
22668,-1.3081224919380516,0.3291494428898815,74,-1.369162264741285,0.1465751401209634,PINK BABY BUNTING,10965.960000000036
21086,-0.5364855754966104,0.3073950451194943,95,-0.6912695610824136,0.13028109912512098,SET/6 RED SPOTTY PAPER CUPS,10950.149999999963
22466,-1.0024272029421597,0.8967189767994127,77,-1.4071041417731867,0.560389255288712,FAIRY TALE COTTAGE NIGHT LIGHT,10812.369999999957
22418,-3.150175505427994,0.9869261617987654,83,-2.2849209291551333,0.6069351618638791,10 COLOUR SPACEBOY PEN,10792.019999999942
22064,-1.6046637904873142,0.3940665224448295,103,-1.628349318139981,0.19754591547073963,PINK DOUGHNUT TRINKET POT,10791.560000000001
21624,-2.3538788929814194,0.5505371070400521,90,-2.149636346587751,0.3245467519238918,VINTAGE UNION JACK DOORSTOP,10736.350000000055
22348,-1.7794640189941402,0.5339698031459943,104,-1.762373405171365,0.3112966122699635,TEA BAG PLATE RED RETROSPOT,10715.129999999981
21890,-1.1194289440743186,0.47024197621894887,101,-1.2764984296688708,0.25956162596210874,S/6 WOODEN SKITTLES IN COTTON BAG,10658.799999999987
21974,-1.7178030281669006,0.2807813909448482,104,-1.71855399667196,0.11109642296071898,SET OF 36 PAISLEY FLOWER DOILIES,10656.299999999932
82001S,-0.7760415360123689,0.5284755572264155,84,-1.0671229651382559,0.3068792338173111,SILVER RECORD COVER FRAME,10646.86999999999
22725,-0.229105614858041,0.5005773208298206,63,-0.6542677435477102,0.2843024721061743,ALARM CLOCK BAKELIKE CHOCOLATE,10635.199999999992
22349,-0.8433869378126935,0.7046752664310268,94,-1.2315153377514685,0.4404665264026604,DOG BOWL CHASING BALL DESIGN,10619.289999999997
20754,-0.8029241773666674,0.7230537401736098,101,-1.2206047003393679,0.4531934599985913,RETRO RED SPOTTY WASHING UP GLOVES,10608.750000000085
22645,-1.2040801902924425,0.22745414548042278,82,-1.2435321932591044,0.07579891141113204,CERAMIC HEART FAIRY CAKE MONEY BANK,10607.07999999997
21982,-0.6624966358226104,0.3804752459240009,93,-0.8607353647875475,0.18665386944386564,PACK OF 12 SUKI TISSUES,10589.349999999931
22302,-2.9138524707522913,1.3255250074293283,89,-2.038742317381559,0.7358258092204651,COFFEE MUG PEARS  DESIGN,10510.299999999987
22966,-6.73400677702456,0.1823427738650983,52,-6.483183960458886,0.05006998972722998,GINGERBREAD MAN COOKIE CUTTER,10505.129999999986
22771,-1.870100775054691,0.9116489501205497,60,-1.7873611619222778,0.568508124197253,CLEAR DRAWER KNOB ACRYLIC EDWARDIAN,10502.190000000004
22120,-1.6634855910354351,0.38288429093807913,81,-1.675003370482603,0.1885778695153001,WELCOME  WOODEN BLOCK LETTERS,10444.02000000003
22180,-1.012834223140982,0.41367195200222334,94,-1.164711691169885,0.213392446889362,RETRO SPOT LAMP,10443.009999999984
22748,-4.448444935695943,1.3328497628383733,63,-2.438321543396607,0.7379626477297324,POPPY'S PLAYHOUSE KITCHEN,10434.490000000096
20682,-1.4482762621265393,0.5718743805975168,100,-1.542610196805767,0.3414353468667254,RED RETROSPOT CHILDRENS UMBRELLA,10414.780000000008
22992,-3.486443778411151,1.1628926045422132,41,-2.2849897710682585,0.6819154709033843,REVOLVER WOODEN RULER,10379.839999999987
21892,-1.5023161454152554,0.577335748295487,102,-1.5791517608332153,0.3457225102848579,TRADITIONAL WOODEN CATCH CUP GAME,10370.319999999987
21781,-2.0599141642669756,0.5632285598109743,82,-1.9476995303849987,0.33461793130173845,MA CAMPAGNE CUTLERY BOX,10364.91999999998
20979,-1.3209809459406585,0.4517925161958123,103,-1.4196467912873671,0.24447552309136966,36 PENCILS TUBE RED RETROSPOT,10350.559999999994
21531,-1.2959207323005486,0.5056642765607222,101,-1.4195560495311368,0.28843497451744027,RED RETROSPOT SUGAR JAM BOWL,10349.470000000001
22089,-2.159906465405892,0.6761539930184046,98,-1.9769695731579993,0.42021244095495003,PAPER BUNTING VINTAGE PAISLEY,10335.81
21756,-1.762752487607539,1.3983121779360261,83,-1.733877959512052,0.7560786075343228,BATH BUILDING BLOCK WORD,10317.360000000008
22840,0.4724055159461159,0.7012797783526099,58,-0.49005782839542533,0.4380870712607481,ROUND CAKE TIN VINTAGE RED,10310.999999999965
84880,-3.2612623865852033,0.9304539031300815,83,-2.3722878637103113,0.5784959123341656,WHITE WIRE EGG HOLDER,10308.11
22380,-1.4902559188954148,0.37421542030860067,98,-1.5328222116993488,0.18166910839897554,TOY TIDY SPACEBOY,10301.719999999988
21488,-1.5969854427334491,1.4360080753582503,42,-1.6946784779041462,0.7657562524875329,RED WHITE SCARF  HOT WATER BOTTLE,10285.980000000003
84792,-2.0267088008509124,0.504648025303686,103,-1.9398085760161106,0.28760989084777233,ENCHANTED BIRD COATHANGER 5 HOOK,10268.349999999966
21033,-1.7326193143204265,0.5066595079819769,87,-1.7302889792259972,0.2892427454003047,JUMBO BAG CHARLIE AND LOLA TOYS,10265.719999999947
22970,-2.355128757086339,2.21683690634935,50,-1.7962937172318194,0.8862433663886905,LONDON BUS COFFEE MUG,10224.749999999995
22300,-1.804363283643063,0.41477408883428746,99,-1.7872630387384565,0.2142870502928157,COFFEE MUG DOG + BALL DESIGN,10192.1
22429,-2.472747819452263,0.7775842324482966,81,-2.1065771595613447,0.4894118048704177,ENAMEL MEASURING JUG CREAM,10124.390000000018
22327,-1.0220447861221267,0.27090067229862536,99,-1.0952580613831464,0.1042155370647243,ROUND SNACK BOXES SET OF 4 SKULLS,10095.789999999995
22131,-1.2980280821601333,0.28670868474936273,102,-1.347203228467462,0.11528994685389737,FOOD CONTAINER SET 3 LOVE HEART,10070.48999999997
22745,-1.0446042429049593,0.788391805830056,62,-1.3820756803589556,0.4963118916472893,POPPY'S PLAYHOUSE BEDROOM,10044.060000000094
79000,-0.47085644027974577,0.2540694659878043,86,-0.5872414043655023,0.09283272609695858,MOROCCAN TEA GLASS,10001.319999999989
22549,-2.1033744534500713,0.5775764399144311,87,-1.9723392418621832,0.3459110997681383,PICTURE DOMINOES,9979.65999999997
20677,-0.8727679854791972,0.3961130006414551,103,-1.0424397558173275,0.1991932794819058,PINK POLKADOT BOWL,9959.889999999994
20829,-2.3026675966920003,0.6420739856575605,102,-2.074177044132276,0.39524060335084366,GLITTER HANGING BUTTERFLY STRING,9892.240000000005
22665,-0.7341850782084836,0.354288462096406,72,-0.8985501114009189,0.16596199249430088,RECIPE BOX BLUE SKETCHBOOK DESIGN,9852.580000000009
16014,-13.71274503288569,2.4430851665477493,55,-2.870434006626351,0.9044165887186741,SMALL CHINESE STYLE SCISSOR,9839.400000000003
47570B,-2.146911632420832,0.4690599251291205,63,-2.0376941401352946,0.25859536497718993,TEA TIME TABLE CLOTH,9686.169999999991
35961,-1.477872198666877,0.3365668200980924,102,-1.5154280231220707,0.15223867010362635,FOLKART ZINC HEART CHRISTMAS DEC,9668.329999999985
22767,-2.646835762501584,6.640369780030712,59,-1.7375702454510729,0.9858961441880935,TRIPLE PHOTO FRAME CORNICE,9667.759999999971
82552,-2.5155216690599653,1.0178279832453672,100,-2.0239053708837713,0.6215445794915102,WASHROOM METAL SIGN,9659.569999999965
20970,-2.7769320071980794,1.134943408222026,104,-2.0705083980214596,0.6712696416736537,PINK FLORAL FELTCRAFT SHOULDER BAG,9631.999999999987
84030E,-1.993316339660132,1.2268906256965157,65,-1.8039282267313195,0.7046902497039542,ENGLISH ROSE HOT WATER BOTTLE,9625.510000000006
22978,-1.4359131337007065,0.8619162083340479,43,-1.5920154578238466,0.5408023282296994,PANTRY ROLLING PIN,9568.729999999989
22121,-3.729785067615355,0.3386108901640759,55,-3.421365447876485,0.1538081836848012,NOEL WOODEN BLOCK LETTERS,9536.279999999995
21716,-2.137649949716059,0.4060609645112956,95,-2.052048078250961,0.20722464500098625,BOYS VINTAGE TIN SEASIDE BUCKET,9531.739999999954
84692,-1.4458003026928212,0.23476505835752223,104,-1.4681994440677457,0.08035210828286099,BOX OF 24 COCKTAIL PARASOLS,9530.48000000002
21385,-1.2363035787677807,0.38361009741416907,98,-1.3286617485205119,0.18915812815330402,IVORY HANGING DECORATION  HEART,9508.949999999953
22072,-1.6260968527025987,0.344415764821733,96,-1.6416825135022424,0.15828503989470555,RED RETROSPOT TEA CUP AND SAUCER,9502.259999999984
21658,-0.8711146668209471,0.4629218561666215,80,-1.087529184611481,0.25357669714596864,GLASS  BEURRE DISH,9458.150000000018
22195,-1.276954035153016,0.42861423130562154,102,-1.3779108064686179,0.22554698593486133,LARGE HEART MEASURING SPOONS,9456.600000000004
22357,-1.3984120552217632,0.37434555927908125,96,-1.4576972668251778,0.18177251454240206,KINGS CHOICE BISCUIT TIN,9454.319999999998
22219,-0.5381492611001553,0.2396013484178856,103,-0.6371172512765402,0.08341779693260998,LOVEBIRD HANGING DECORATION WHITE,9427.659999999998
84032A,-3.331760932061367,1.0222256439403183,90,-2.329559129988615,0.6235707230125105,CHARLIE+LOLA PINK HOT WATER BOTTLE,9427.620000000004
22839,-1.0618352256016264,0.526218071606499,58,-1.2640076075355442,0.3050611428828929,3 TIER CAKE TIN GREEN AND CREAM,9373.939999999997
21745,-2.5386991170603768,1.4630081536911004,102,-1.9098824240083614,0.772372580577857,GAOLERS KEYS DECORATIVE GARDEN,9340.070000000005
21243,-1.5339315670354114,0.4899336004370682,99,-1.5864767166474438,0.27563790764422846,PINK POLKADOT PLATE,9328.260000000033
21041,-0.4931199566730973,0.450367502664574,77,-0.7927427487941128,0.2433103843112704,RED SPOTTY OVEN GLOVE DOUBLE,9303.189999999975
22110,-2.41243432448709,0.28620866710651394,87,-2.33337424195482,0.11493434621378495,BIRD HOUSE HOT WATER BOTTLE,9263.870000000017
22141,-3.4499637007621162,1.1749846717544887,40,-2.2656723901513347,0.6863861025520409,CHRISTMAS CRAFT TREE TOP ANGEL,9254.710000000056
22244,-0.29619253008293156,0.33199745361370214,82,-0.5086536032568447,0.14874371281887344,"HOOK, 3 HANGER ,MAGIC GARDEN",9252.01999999997
22741,-1.8000184763808589,0.6120878602238445,59,-1.771902088672761,0.37262044155529317,FUNKY DIVA PEN,9248.690000000019
21777,-0.27959095487147934,2.245652324393417,50,-1.5639128791878107,0.8888215174429461,RECIPE BOX WITH METAL HEART,9242.459999999963
22371,-2.0191857345958413,0.4864756172031124,92,-1.9388071114544823,0.2728184726473898,AIRLINE BAG VINTAGE TOKYO 78,9221.01000000001
21933,-3.44992902883718,0.3650289100890097,92,-3.1490328486019683,0.1743955265869248,PINK VINTAGE PAISLEY PICNIC BAG,9191.599999999955
21985,-0.4321699306578116,0.47495929053449215,104,-0.7726078207392472,0.26341675256408104,PACK OF 12 HEARTS DESIGN TISSUES,9032.959999999946
21715,-1.987988500750895,0.38342712332668893,98,-1.938197898782928,0.18901182102032288,GIRLS VINTAGE TIN SEASIDE BUCKET,9017.799999999963
22989,-2.206463824767206,0.5920656122771853,45,-2.034325441228188,0.35720680581149333,SET 2 PANTRY DESIGN TEA TOWELS,9012.269999999999
22215,-1.8492164180394997,0.46798368934022005,87,-1.8170912032414683,0.25771552906029216,CAKE STAND WHITE TWO TIER LACE,8920.429999999998
21042,-1.040181492641599,0.5277839952505629,90,-1.249822810267847,0.30632246221255977,RED RETROSPOT APRON,8914.48000000001
20974,-2.303665268180975,1.2055728871826552,101,-1.8998321024858933,0.697343000790192,12 PENCILS SMALL TUBE SKULL,8895.240000000014
22212,-0.5587956362454879,0.3401807235402738,104,-0.7395082231124761,0.15501604227120103,FOUR HOOK  WHITE LOVEBIRDS,8869.280000000039
22895,-2.752554240135335,0.7803999493443485,62,-2.2475858411352045,0.4912184088787006,SET OF 2 TEA TOWELS APPLE AND PEARS,8823.51999999999
85049E,-2.9149309587599284,0.9574420132614042,102,-2.209787960210552,0.5923737942469766,SCANDINAVIAN REDS RIBBONS,8750.010000000002
21135,-1.1166689164787633,0.21514687568319749,100,-1.1582267546104041,0.06836365739714667,VICTORIAN  METAL POSTCARD SPRING,8727.790000000059
22751,-3.696326309473982,0.5608955148570762,65,-3.040178367036669,0.3327721024714084,FELTCRAFT PRINCESS OLIVIA DOLL,8716.449999999993
21980,-1.657341397475496,0.5072022643849292,102,-1.6768142592185176,0.28968316424484575,PACK OF 12 RED RETROSPOT TISSUES,8714.43999999998
22283,-1.2504166453673826,0.38897539409724013,97,-1.3421428451438264,0.19345560469981038,6 EGG HOUSE PAINTED WOOD,8692.549999999977
72807C,-1.4408139956681194,0.5176414105810164,86,-1.5254104124929369,0.29813857801658417,SET/3 VANILLA SCENTED CANDLE IN BOX,8667.489999999998
21381,-1.1880930529396234,0.4921743651387369,103,-1.3369439526247762,0.27746381854714053,MINI WOODEN HAPPY BIRTHDAY GARLAND,8649.910000000005
22073,-1.5829223264501506,0.41613667715113206,71,-1.613430733268276,0.21539353043121412,RETRO SPOT STORAGE JAR,8647.129999999976
22078,-1.430507500255525,0.6890420888793882,88,-1.5567863908756299,0.42943949718087526,RIBBON REEL LACE DESIGN,8580.160000000013
22354,-1.5214532066393192,0.6133442601804785,82,-1.597330761138526,0.3735796702462567,RETROSPOT PADDED SEAT CUSHION,8567.059999999994
22358,-1.2710723883552366,0.3278011178724579,100,-1.3370784246828984,0.1455511697053088,KINGS CHOICE TEA CADDY,8561.899999999954
22079,-2.835028673407683,0.6316614337926232,104,-2.404776555546422,0.3874518483718209,RIBBON REEL HEARTS DESIGN,8553.039999999986
21932,-3.1080296596321664,0.4601414401608756,92,-2.760360310030843,0.2513029542717412,SCANDINAVIAN PAISLEY PICNIC BAG,8549.469999999972
21186,-1.9339290503106465,1.1043349623986636,52,-1.7959371523641166,0.659092815382357,WHITE DOVE HONEYCOMB PAPER GARLAND,8540.42000000001
21411,-2.056557677976838,0.4649155248932724,100,-1.9718302371326333,0.25520694804237753,GINGHAM HEART  DOORSTOP RED,8534.490000000002
48189,-2.814057909809101,0.522480418525114,62,-2.484978883586448,0.30204722757832536,DOOR MAT FRIENDSHIP,8494.009999999975
22329,-1.4835345701558307,0.3682845124893557,97,-1.5261886369622104,0.17696721853570896,ROUND CONTAINER SET OF 5 RETROSPOT,8463.750000000002
21244,-2.6238127538288047,0.5679936931497541,97,-2.319524617671209,0.3383798688472639,BLUE POLKADOT PLATE,8452.070000000023
21874,-0.7971671377237005,0.4399977454141606,104,-1.014952809662589,0.23483580824618877,GIN AND TONIC MUG,8451.839999999993
22275,-2.541590154878736,3.0700988850396476,46,-1.7758121111260503,0.9372732597159851,WEEKEND BAG VINTAGE ROSE PAISLEY,8437.179999999998
22628,-1.4576562107335609,0.4621755956156966,70,-1.5251745798339262,0.2529664411569942,PICNIC BOXES SET OF 3 RETROSPOT,8428.280000000002
21934,-0.8525307659167864,0.26907804734187785,104,-0.9423167605093168,0.10296182678322208,SKULL SHOULDER BAG,8402.970000000008
22689,-2.2437762536376926,0.6344772953741109,46,-2.0415086747409554,0.3895652442790749,DOORMAT MERRY CHRISTMAS RED,8382.620000000004
22738,-3.969493944640616,0.7021278272798086,44,-2.984682600457461,0.4386821732123213,RIBBON REEL SNOWY VILLAGE,8382.53999999999
85049A,-3.704146684251925,0.7498018969243982,84,-2.7712667183298976,0.47125049720622614,TRADITIONAL CHRISTMAS RIBBONS,8362.400000000007
85067,-2.5651750629941303,0.3468346014760063,51,-2.430543589662149,0.1601587953913982,CREAM SWEETHEART WALL CABINET,8347.58999999999
85064,-3.0412870834768784,0.7706760432556413,41,-2.402737833687361,0.4849528328593493,CREAM SWEETHEART LETTER RACK,8327.009999999998
21238,-1.8442928737784372,0.5789780388382536,104,-1.8027454408288301,0.3470086965035176,RED RETROSPOT CUP,8266.530000000053
84032B,-2.2740444910408164,0.45733271976359985,91,-2.1372202167989314,0.24900599274827595,CHARLIE + LOLA RED HOT WATER BOTTLE,8228.089999999953
22796,-2.87236853096487,0.4325370190608122,60,-2.609812866222739,0.22874570205403033,PHOTO FRAME 3 CLASSIC HANGING,8223.43999999998
22890,-0.6064626200710261,0.8977998042752863,57,-1.2336973609687165,0.560982676574816,NOVELTY BISCUITS CAKE STAND 3 TIER,8213.469999999978
22055,-1.2617663294387815,0.3299129123891744,98,-1.3298694534977908,0.14715572003665767,MINI CAKE STAND  HANGING STRAWBERY,8212.189999999953
20675,-2.394030113595193,0.5397404767865567,103,-2.1825291073446804,0.3159242443457808,BLUE POLKADOT BOWL,8190.410000000011
82551,-1.1665270490348039,0.7322274166958619,102,-1.4229159796520179,0.4594490666094383,LAUNDRY 15C METAL SIGN,8163.84999999998
21116,-0.8048485970405326,0.35893443145581905,102,-0.960832251760804,0.16960016670910694,OWL DOORSTOP,8099.219999999981
84508A,-5.933964305764332,3.538135972329438,65,-1.9264978605548229,0.9520275710851989,CAMOFLAGE DESIGN TEDDY,8096.580000000008
21115,-1.5325556628150436,0.5761016701753013,99,-1.598751046675128,0.34475509911575575,ROSE CARAVAN DOORSTOP,8065.730000000006
84568,-3.1204540484235137,0.5262989983121009,91,-2.694530800128991,0.30512634808259487,GIRLS ALPHABET IRON ON PATCHES,8062.709999999997
22588,-1.6905449976202729,0.8949640331582746,54,-1.7095752761651746,0.5594238216224731,CARD HOLDER GINGHAM HEART,8053.970000000033
22592,-1.3695653672843502,1.2243530495341732,42,-1.6194223136656656,0.7038277947178064,CARDHOLDER HOLLY WREATH METAL,8043.330000000001
21870,-2.528078441472524,0.7429655734501126,77,-2.1530868518936312,0.466688505804985,I CAN ONLY PLEASE ONE PERSON MUG,8025.529999999991
22784,-2.3302560354801996,0.701494196400852,57,-2.0648184231355584,0.43823758617001707,LANTERN CREAM GAZEBO,7984.070000000002
22350,-0.9403471022723628,0.669127641104933,92,-1.265899351354899,0.41513108849715286,ILLUSTRATED CAT BOWL,7954.56000000002
21875,-1.3971280097712497,0.5338958885736638,99,-1.4990378654842689,0.3112372572646691,KINGS CHOICE MUG,7953.5699999999915
21976,-0.8542081530916266,0.28050029739725174,104,-0.9507293778984581,0.11089875039255714,PACK OF 60 MUSHROOM CAKE CASES,7946.029999999985
22353,-1.8285231836616094,0.3578670047940738,59,-1.8109784993433231,0.1687629114990632,LUNCHBOX WITH CUTLERY FAIRY CAKES,7933.190000000051
22813,-1.8939374810483092,0.6645195519357603,62,-1.8241924174510733,0.4117793555440943,PACK 3 BOXES BIRD PANETTONE,7881.029999999983
22165,-2.017344542684101,0.3988037434824415,88,-1.9583894268096385,0.20136188401417132,"DIAMANTE HEART SHAPED WALL MIRROR,",7844.220000000006
20717,-1.110940013931662,0.2921401703990952,104,-1.184067868474715,0.11917398681276536,STRAWBERRY SHOPPER BAG,7840.980000000014
22669,-1.0972986389473518,0.5345425788484736,72,-1.2928522649314407,0.311756495175327,RED BABY BUNTING,7838.369999999987
22550,-1.5454180343038455,0.6343743901226819,85,-1.6151927261536871,0.3894881023378516,HOLIDAY FUN LUDO,7835.9599999999955
21110,-1.713549136671423,0.37380682031292267,83,-1.715546374680996,0.18134450596282214,LARGE CAKE TOWEL PINK SPOTS,7830.830000000007
22493,-3.772536967523442,0.7409568389351462,83,-2.81953035214607,0.46534109425733716,PAINT YOUR OWN CANVAS SET,7758.690000000018
22798,-1.4923542016672093,0.5355839973746951,59,-1.5649407802649518,0.31259234011506043,ANTIQUE GLASS DRESSING TABLE POT,7752.210000000001
21361,-1.0831255451183672,0.8138205179580255,67,-1.4116579158353901,0.5121817466052851,LOVE LARGE WOOD LETTERS,7750.069999999998
22739,-3.8148238297493204,0.4600748239741768,49,-3.289648890682783,0.25124847612913603,RIBBON REEL CHRISTMAS SOCK BAUBLE,7744.259999999993
84968C,-1.3777174861347523,0.41183483784631086,70,-1.4512146825857601,0.21190204330300433,S/16 VINTAGE PISTACHIO CUTLERY,7731.239999999995
22945,-1.6264829501511495,0.1959263111248445,44,-1.6321091799228573,0.05736386277920569,CHRISTMAS METAL TAGS ASSORTED,7722.190000000001
22242,-1.1960692372844761,0.6926101876003479,59,-1.4243637909361393,0.43197238266018567,"HOOK, 5 HANGER , MAGIC TOADSTOOL",7692.9900000000125
22779,-5.693242467709193,0.981637184012359,52,-3.2946977774506196,0.6043684029327118,WOODEN OWLS LIGHT GARLAND,7666.640000000001
22360,-1.652033120543855,0.5018491029995584,88,-1.6727284173668633,0.2853361978225514,GLASS JAR ENGLISH CONFECTIONERY,7662.449999999962
22199,-1.0400913701714762,0.4633006536155891,95,-1.2138693534673386,0.25388645424673517,FRYING PAN RED RETROSPOT,7643.670000000008
22224,-1.2137170111793618,0.38607501873689354,100,-1.3113553088023264,0.19113072999293124,WHITE LOVEBIRD LANTERN,7637.149999999978
21463,-3.1930656832824824,6.182256619786616,98,-1.748405742338513,0.9837636672720453,MIRRORED DISCO BALL,7629.459999999977
22489,-1.5365164850791173,0.9072317932662737,84,-1.6429738578332282,0.5661236400612557,PACK OF 12 TRADITIONAL CRAYONS,7618.019999999989
22465,-2.2457013034003093,0.7413027867028729,87,-2.0030730175566953,0.46557337247527086,HANGING METAL STAR LANTERN,7581.90000000002
85065,-3.5188301095814896,0.8508934397584083,46,-2.5599677621386925,0.5344032385269375,CREAM SWEETHEART TRAYS,7575.439999999999
82580,-0.004753002684276364,0.3342286038725762,104,-0.2634946986985509,0.1504478697280066,BATHROOM METAL SIGN,7558.360000000047
85174,-1.4319878345007602,0.24940768268024488,91,-1.4582494318244221,0.08976028346843667,S/4 CACTI CANDLES,7555.389999999996
11001,-2.092880877902233,0.485333462685985,85,-1.9927400048067652,0.27188681505521994,ASSTD DESIGN RACING CAR PEN,7509.969999999985
21746,-3.3496812086858747,0.4040414357636227,97,-3.015571060665579,0.2055912436829085,SMALL RED SPOT  WINDMILL,7478.370000000009
21876,-0.49592648409641477,0.35601156700051517,103,-0.7014889869810523,0.16730950182716897,POTTERING MUG,7472.98999999999
21114,-0.9680884886036084,0.19153537660897302,97,-1.0096652348979251,0.054961225458483476,LAVENDER SCENTED FABRIC HEART,7462.160000000003
22644,-1.6944729547294242,0.3376022875096262,80,-1.6990776777008547,0.15303328007659067,CERAMIC CHERRY CAKE MONEY BANK,7451.739999999997
72351A,-3.8425719907129188,0.9741179239619582,101,-2.5703147400986093,0.6006853790129287,SET/6 TURQUOISE BUTTERFLY T-LIGHTS,7442.19
22626,-1.3400260827825687,0.5866569684221479,81,-1.475768866538058,0.3530035878567688,BLACK KITCHEN SCALES,7430.960000000002
22282,-0.17478747769504177,0.32206033135321144,86,-0.39363329510428624,0.14121133373018868,12 EGG HOUSE PAINTED WOOD,7406.649999999994
22029,-1.5497897026588183,0.32322571245188797,102,-1.5746231301385032,0.14208966274033952,SPACEBOY BIRTHDAY CARD,7405.969999999961
21561,-2.3985912948636696,0.5354019841071778,100,-2.187993545097072,0.31244628505337857,DINOSAUR LUNCH BOX WITH CUTLERY,7354.870000000038
22907,-2.5921314053214766,0.6433700696264363,64,-2.2483962997751528,0.39620502559314397,PACK OF 20 NAPKINS PANTRY DESIGN,7329.989999999991
22567,-1.2930962059930131,0.9434595843293981,80,-1.5456120207546684,0.5852501976075699,20 DOLLY PEGS RETROSPOT,7312.819999999995
21625,-0.9173327575675327,0.3140197254451207,97,-1.026461898653222,0.1351896698723466,VINTAGE UNION JACK APRON,7297.419999999999
22577,-4.11976707625394,0.31300340418219186,64,-3.7977714660120623,0.13443345592467204,WOODEN HEART CHRISTMAS SCANDINAVIAN,7283.019999999977
22781,-0.6956123072092572,0.639935581098927,59,-1.1006554506553958,0.39364693436806375,GUMBALL MAGAZINE RACK,7259.420000000009
22414,-1.2096373853577596,0.41536039973813704,85,-1.3202243275445094,0.21476309727955512,DOORMAT NEIGHBOURHOOD WITCH,7249.339999999988
22618,-2.3990077803039624,0.5666162943619992,48,-2.1715217632425894,0.33729358088545336,COOKING SET RETROSPOT,7223.149999999987
21700,-0.21581408593625073,0.1176371918194573,95,-0.2482025514565651,0.02146710627813353,BIG DOUGHNUT FRIDGE MAGNETS,7219.459999999975
21981,-1.3682442664618535,0.30953489424907626,92,-1.4152288488427396,0.13186124010415867,PACK OF 12 WOODLAND TISSUES,7213.859999999991
37450,-2.4018361265015313,0.3408465226357806,96,-2.296500483659836,0.15552896233918423,CERAMIC CAKE BOWL + HANGING CAKES,7129.389999999962
22187,-1.9725456031522084,0.6486638591135876,47,-1.873319602176611,0.40013232775855845,GREEN CHRISTMAS TREE CARD HOLDER,7117.74999999998
10002,-2.459086136789426,0.962189346288681,69,-2.0222207689738796,0.5947602339568707,INFLATABLE POLITICAL GLOBE,7097.899999999991
21984,-1.3021979956295433,0.3786923088754167,100,-1.3804333986846586,0.1852318947975623,PACK OF 12 PINK PAISLEY TISSUES,7077.049999999976
21107,-2.733565448034125,0.42211730459607016,86,-2.511326770089071,0.2202557572668843,CREAM SLICE FLANNEL PINK SPOT,7075.399999999975
21992,-1.9228356284056343,0.31515914727416366,100,-1.895862805541747,0.13603881621939506,VINTAGE PAISLEY STATIONERY SET,7039.270000000016
21903,-1.8267720722186078,1.0196313632884089,100,-1.7631592683491848,0.6223770294295037,MAN FLU METAL SIGN,7018.18999999999
22563,-4.297971904421324,0.8279598037935062,88,-2.9577801097635765,0.5207845531198524,HAPPY STENCIL CRAFT,7012.610000000002
22938,-4.169993372769288,10.880459552450132,61,-1.737523806822363,0.9946998423011377,CUPCAKE LACE PAPER SET 6,7006.299999999984
22498,-2.099629165025376,0.44589354993144775,91,-2.009743326726132,0.23965305323600616,WOODEN REGATTA BUNTING,6969.43999999999
22845,-1.62518208465362,0.5325467323148411,60,-1.656005311538998,0.31015350345890147,VINTAGE CREAM CAT FOOD CONTAINER,6967.8999999999905
37448,-1.8870799221744694,0.4619634598031042,94,-1.8459966962058627,0.25279296445354205,CERAMIC CAKE DESIGN SPOTTED MUG,6962.799999999998
22377,-2.2931189985062805,0.3499040545007994,94,-2.2007039682082645,0.16254330575517695,BOTTLE BAG RETROSPOT,6935.680000000016
35004B,-1.9850379039676178,0.3385791021589446,86,-1.9449810414710775,0.153783747535572,SET OF 3 BLACK FLYING DUCKS,6932.149999999993
21563,-2.4374923551963916,0.4163523331833019,94,-2.2838070237827206,0.21556869880542795,RED HEART SHAPE LOVE BUCKET,6931.789999999971
20973,-1.693155532312756,1.2212733047871864,79,-1.7152277146900226,0.7027767026572678,12 PENCIL SMALL TUBE WOODLAND,6930.470000000019
22378,-1.567746130413017,0.3968599029154036,93,-1.5990772770180053,0.1997949516257096,WALL TIDY RETROSPOT,6924.520000000014
22311,-0.7049000506742964,0.5418310496532311,79,-1.0287423857511246,0.31759754551230557,OFFICE MUG WARMER BLACK+SILVER,6923.899999999981
22085,-2.2425585433828172,0.6262693500915864,89,-2.0439638457979186,0.3833904778620485,PAPER CHAIN KIT SKULLS,6907.469999999978
22220,-1.3674615753926345,0.6815098593861474,87,-1.5188944544194245,0.42406168662448174,CAKE STAND LOVEBIRD 2 TIER WHITE,6905.339999999984
22575,-4.449758430914967,0.7017433991665322,45,-3.2549985976143825,0.4384124753652563,METAL MERRY CHRISTMAS WREATH,6876.450000000003
37500,-0.8984738488555664,0.4322906752715948,84,-1.0872721062924096,0.22854475191046353,TEA TIME TEAPOT IN GIFT BOX,6869.719999999982
22431,-1.7855606998898192,0.4588087791700185,91,-1.7702981851874025,0.2502131100827235,WATERING CAN BLUE ELEPHANT,6865.029999999966
22430,-2.615190719734907,0.3522603600025339,79,-2.4687903520702563,0.16437879145558099,ENAMEL WATERING CAN CREAM,6861.190000000007
22746,-2.660566386011868,1.0414752588408644,63,-2.0687426698770772,0.6322877633491752,POPPY'S PLAYHOUSE LIVINGROOM,6858.920000000024
22059,-1.7407189026627503,0.43666545466339235,98,-1.736968795149489,0.2321147652866261,CERAMIC STRAWBERRY DESIGN MUG,6847.349999999988
21989,-0.8674968311852493,0.3601572382833467,101,-1.0136782161561855,0.17056028108868004,PACK OF 20 SKULL PAPER NAPKINS,6822.879999999998
47599B,-4.006399891025623,1.0548630396150838,92,-2.550115956298694,0.6382067489606189,BLUE PARTY BAGS,6822.140000000008
85175,-0.1658839225213095,0.24553120963577946,93,-0.30185251687932446,0.0872332399118807,CACTI T-LIGHT CANDLES,6808.379999999994
22898,-2.013289898501511,0.5123567226919526,62,-1.9284439544386407,0.2938619096794596,CHILDRENS APRON APPLES DESIGN,6805.230000000021
22432,-2.5853771977533158,0.5970208349579448,89,-2.274585917357493,0.3610432432611911,WATERING CAN PINK BUNNY,6792.109999999963
22221,-1.3259297067110358,0.3169630732330476,67,-1.3806963059987423,0.13738603850679854,CAKE STAND LOVEBIRD 2 TIER PINK,6732.659999999985
22661,-1.7343006580246112,1.1855968205527025,71,-1.7275790487176892,0.6902439601379066,CHARLOTTE BAG DOLLY GIRL DESIGN,6730.550000000009
22526,-0.13103823971281153,0.5953160844767735,73,-0.7042687504552205,0.3597249664046317,WHEELBARROW FOR CHILDREN,6727.909999999999
21592,-3.134438398965091,5.729289254603228,97,-1.751145628376681,0.9811451541829852,RETROSPOT CIGAR BOX MATCHES,6695.350000000001
22080,-2.1108595097815295,0.6178834408150995,79,-1.965211259799554,0.3770370943436515,RIBBON REEL POLKADOTS,6685.129999999994
85047,-1.3381849431095825,1.0232058080292554,46,-1.57929256276036,0.6240205443004718,WHITE BEADED GARLAND STRING 20LIGHT,6683.380000000009
21494,-0.9427745151919843,0.3144959003047358,90,-1.0487414896954468,0.13554436473634235,ROTATING LEAVES T-LIGHT HOLDER,6670.580000000005
85062,-3.601166815916384,1.1592499193080348,97,-2.3240384106268035,0.6805528946991732,PEARL CRYSTAL PUMPKIN T-LIGHT HLDR,6638.250000000008
22142,-3.3265097251445357,0.7278916670705561,42,-2.595219926797747,0.4565005950238763,CHRISTMAS CRAFT WHITE FAIRY,6637.039999999982
21240,-2.347816548523829,0.46608541198308967,103,-2.1881616353667552,0.25616351624116496,BLUE POLKADOT CUP,6600.870000000047
79067,-0.5663802204100514,0.47468473670781886,55,-0.8712050653079113,0.2631924299596745,CORONA MEXICAN TRAY,6593.829999999995
84968A,-1.4305690422432924,0.3472418281773636,75,-1.4777475822125237,0.1604747198713199,SET OF 16 VINTAGE ROSE CUTLERY,6589.079999999996
21201,-2.271097806484016,0.47115564355811457,94,-2.1288300921823797,0.2603084349927932,TROPICAL  HONEYCOMB PAPER GARLAND,6560.4700000000075
15060B,-0.8580923477380917,0.31546428101719093,95,-0.9761631811795605,0.13626645336741916,FAIRY CAKE DESIGN UMBRELLA,6558.5799999999945
22332,-2.2805152541916462,0.8921069872418024,98,-1.9703787123895264,0.5578470771254582,SKULLS PARTY BAG + STICKER SET,6553.549999999978
22364,-1.3402112544353377,0.40619685400365196,85,-1.4199005961910562,0.20733460344785326,GLASS JAR DIGESTIVE BISCUITS,6548.799999999972
22578,-3.581522919781608,0.5229829900807035,44,-3.019880175452687,0.30245275029639573,WOODEN STAR CHRISTMAS SCANDINAVIAN,6534.729999999992
21239,-1.6263129922952468,0.29460532876303824,103,-1.6381962312093812,0.1209494323777478,PINK  POLKADOT CUP,6520.64000000003
22596,-1.9815513267364842,1.6358380790371176,43,-1.7735858572118175,0.8092397793077535,CHRISTMAS STAR WISH LIST CHALKBOARD,6515.600000000002
22065,-2.6448193605634422,0.30002185387328945,58,-2.529900183587706,0.12487730238099337,CHRISTMAS PUDDING TRINKET POT,6504.240000000026
22148,-2.0169465115177014,0.6674475662587616,49,-1.8959256608613733,0.4139108266112843,EASTER CRAFT 4 CHICKS,6499.789999999991
47559B,-4.27790950622406,0.3456757124888634,98,-3.8712622936510663,0.1592604662059458,TEA TIME OVEN GLOVE,6469.290000000007
22063,-1.3257696337601355,0.4303652050689098,93,-1.4162854499857,0.2269744333472815,CERAMIC BOWL WITH STRAWBERRY DESIGN,6426.859999999965
22848,-1.3376259940495256,0.6010000854069972,50,-1.478514988256722,0.36411385766910265,BREAD BIN DINER STYLE PINK,6409.699999999993
22906,-2.166833392320357,0.912004730203216,62,-1.915314216478633,0.5686995433193489,12 MESSAGE CARDS WITH ENVELOPES,6405.5400000000045
22979,-1.6774048285753527,2.9294401513211783,41,-1.7213336150755973,0.9315272861049255,PANTRY WASHING UP BRUSH,6401.969999999986
22582,-2.6841268077018268,0.687539757818168,76,-2.273078099774394,0.4283702133006052,PACK OF 6 SWEETIE GIFT BOXES,6390.910000000009
84520B,-1.5375258847263225,1.0587197699433792,64,-1.6572089008480368,0.6398903629508745,PACK 20 ENGLISH ROSE PAPER NAPKINS,6389.419999999981
22460,-1.5231973956385483,0.5661049248927965,89,-1.5910353429483262,0.3368900532048873,EMBOSSED GLASS TEALIGHT HOLDER,6372.700000000006
22185,-2.265305718030591,0.5144732579322427,96,-2.1054752056179478,0.29557569648180715,SLATE TILE NATURAL HANGING,6338.030000000011
22435,-2.628004719025487,0.7362866712261922,84,-2.210437143233767,0.46219628761463216,SET OF 9 HEART SHAPED BALLOONS,6330.240000000003
84884A,-0.5809620870410228,0.6184010635850536,91,-1.012591866671591,0.37743054527206477,ANT WHITE WIRE HEART SPIRAL,6312.619999999985
22278,-1.358205012434531,0.29366408818110534,98,-1.4022670718701202,0.12027062172636838,OVERNIGHT BAG VINTAGE ROSE PAISLEY,6292.00999999999
22196,-1.1577510928289707,0.32198736761121,104,-1.2377601632370883,0.14115638795488417,SMALL HEART MEASURING SPOONS,6288.050000000015
22855,-1.5954350863408142,0.7385830777432147,47,-1.6553173133503016,0.46374477101521083,FINE WICKER HEART,6274.050000000008
21730,-2.0570364131950094,1.0039250416777952,69,-1.8525474653472316,0.6150528651619274,GLASS STAR FROSTED T-LIGHT HOLDER,6273.439999999997
72802C,-2.636088408900146,0.7491393713962676,86,-2.206932974214687,0.4708099853251978,VANILLA SCENT CANDLE JEWELLED BOX,6251.439999999998
20751,-0.6255451454506947,0.7642331159563268,101,-1.1539089848257247,0.4807601724436452,FUNKY WASHING UP GLOVES ASSORTED,6241.680000000002
21714,-0.9392006706566355,0.42839558480546197,95,-1.1161967375440773,0.22536877794231047,CITRONELLA CANDLE GARDEN POT,6236.160000000009
84832,-1.954264510112374,0.5008345236540793,104,-1.888911672170818,0.28451156023453905,ZINC WILLIE WINKIE  CANDLE STICK,6233.229999999983
85178,-2.3369051762417645,0.548332621113139,90,-2.1392470552547196,0.32279011947714586,VICTORIAN SEWING KIT,6218.320000000002
21078,-1.8776541496456574,0.34094367945949866,95,-1.8538325223012535,0.15560384199713073,SET/20 STRAWBERRY PAPER NAPKINS,6213.3899999999885
22222,-1.7827270832813804,0.3219306823673762,100,-1.774519282975865,0.14111370453968952,CAKE PLATE LOVEBIRD WHITE,6210.34
22772,-1.2772184517005027,0.5926697852088704,59,-1.4372224241551748,0.3576753141138408,PINK DRAWER KNOB ACRYLIC EDWARDIAN,6192.610000000004
22167,-1.1350940804860192,0.4674658767345895,94,-1.2867597356237725,0.2572921882437543,OVAL WALL MIRROR DIAMANTE,6154.30999999999
22331,-1.058833699450411,0.3804762259700036,94,-1.1830951025521732,0.1866546515444225,WOODLAND PARTY BAG + STICKER SET,6135.499999999978
22737,-3.9469367169338634,0.677534685327146,45,-3.0108577771361924,0.42120673958185684,RIBBON REEL CHRISTMAS PRESENT,6131.720000000002
21667,-0.61248030799818,0.8632041394795453,48,-1.2147216440398436,0.5415438404499522,GLASS CAKE COVER AND PLATE,6126.249999999983
22841,-1.79561633750113,0.6709839924894301,59,-1.766024103826947,0.4164770307792933,ROUND CAKE TIN VINTAGE GREEN,6114.279999999973
22361,-0.7961169373074337,0.3054829815099632,88,-0.9157690858859276,0.12887360935823067,GLASS JAR DAISY FRESH COTTON WOOL,6089.419999999963
21918,-2.2165591239140627,0.627964448417625,103,-2.0273031934295718,0.38466927308159793,SET 12 KIDS COLOUR  CHALK STICKS,6084.239999999997
22491,-4.353112449638862,1.0888049032839946,81,-2.637457869230897,0.6527000450968193,PACK OF 12 COLOURED PENCILS,6067.869999999986
85038,-1.8857190681451164,0.8826757111806511,89,-1.7966643707552383,0.5525978545740757,6 CHOCOLATE LOVE HEART T-LIGHTS,6057.640000000013
21832,-1.4748140287946057,0.5186949544141926,95,-1.5494864109598034,0.2989901818339554,CHOCOLATE CALCULATOR,6034.190000000003
21407,-1.2156189058688163,0.34209572996150794,96,-1.2952647065621175,0.15649234997889172,BROWN CHECK CAT DOORSTOP,6014.839999999992
21452,-1.8742837826028325,0.5739451219709486,86,-1.8229200474085203,0.3430626677972336,TOADSTOOL MONEY BOX,5984.3599999999715
22964,-1.8446814700167684,1.0872075026078016,55,-1.7663598932780435,0.652034119975092,3 PIECE SPACEBOY COOKIE CUTTER SET,5966.250000000013
84509A,-1.2910526745330588,0.35320816260518545,103,-1.362633099475029,0.1651182923731812,SET OF 4 ENGLISH ROSE PLACEMATS,5962.139999999996
23052,-0.507858734378,0.6885425859739255,40,-1.0299271087034298,0.42908416143625805,RECYCLED ACAPULCO MAT TURQUOISE,5949.340000000006
22899,-1.2550646342977703,1.3520341406254197,59,-1.6041138221984712,0.7434519101980863,CHILDREN'S APRON DOLLY GIRL,5939.99000000002
21313,-1.497265344805834,0.454598152321759,97,-1.5533554356752126,0.246769726159487,GLASS HEART T-LIGHT HOLDER,5926.549999999991
22660,-1.9700828608152827,0.514888211193076,65,-1.8974305935795246,0.2959115403525481,DOORMAT I LOVE LONDON,5924.929999999993
22441,-1.6520517122818983,0.7620013543136442,83,-1.686806216406424,0.47930023844429614,GROW YOUR OWN BASIL IN ENAMEL MUG,5910.21000000003
22951,-4.038646835343735,0.9401935551314208,64,-2.6882265994673675,0.5835657309247955,60 CAKE CASES DOLLY GIRL DESIGN,5909.84999999999
22241,-1.830951923405317,0.8606783969129261,65,-1.7734922986448018,0.5400884562494817,"GARLAND , WOODEN  "" HAPPY EASTER""",5899.92000000001
22200,-0.7571896513346339,0.3710292544912863,94,-0.9304853757811946,0.1791405453571142,FRYING PAN PINK POLKADOT,5882.609999999996
85132C,-1.9758906994047158,0.20556860030146337,63,-1.9601108740187438,0.06278576819419257,CHARLIE AND LOLA FIGURES TINS,5881.189999999987
22971,-1.7497671458723363,3.9225137263155267,50,-1.7255552756409898,0.9606166734382885,QUEENS GUARD COFFEE MUG,5849.2900000000145
21988,-1.5256545981979948,0.5407285713353834,95,-1.58865182447148,0.31671533360335524,PACK OF 6 SKULL PAPER PLATES,5848.67999999999
21577,-0.6708031906950543,0.42044910338229297,96,-0.9014696889578632,0.21889862889458966,SAVE THE PLANET COTTON TOTE BAG,5827.870000000001
22119,-2.556809234653998,0.25431204566903576,81,-2.479415638334221,0.09299358706627692,PEACE WOODEN BLOCK LETTERS,5825.769999999985
37495,-2.1093795149564074,0.45564665789306574,83,-2.0140884061921174,0.2476271560365928,FAIRY CAKE BIRTHDAY CANDLE SET,5811.349999999998
22115,-1.611058420278159,0.19473676580212113,101,-1.617495108433313,0.056708801382144625,METAL SIGN EMPIRE TEA,5786.619999999955
22070,-2.241156895631794,0.7737181203531627,85,-1.9896162882937114,0.48692102895496625,SMALL RED RETROSPOT MUG IN BOX,5768.990000000001
21528,-1.741343010946299,0.45646554873500267,95,-1.7371764976312165,0.2482968286770344,DAIRY MAID TRADITIONAL TEAPOT,5763.2199999999775
21703,-1.9393415321927143,0.9509897693191525,103,-1.812814377425621,0.5891042293159745,BAG 125g SWIRLY MARBLES,5742.309999999991
22341,-1.9112580207609442,0.3217485327841059,90,-1.884938346121395,0.1409765699125355,LOVE GARLAND PAINTED ZINC,5728.7099999999955
22060,-1.7213247900505542,0.37202524475817794,63,-1.7219073771254152,0.17993032166522904,LARGE CAKE STAND HANGING HEARTS,5719.209999999997
22335,-2.0905373687691937,0.470515581280489,102,-1.9954625246092976,0.25978526996899654,HEART DECORATION PAINTED ZINC,5717.759999999999
22653,-3.994868922107667,0.6071405177478877,67,-3.157502943882061,0.3688339252696651,BUTTON BOX,5716.64000000001
82599,-1.272413003660252,0.7864931869980442,73,-1.4962751906223013,0.4951064201265355,FANNY'S REST STOPMETAL SIGN,5706.519999999998
22854,-2.920413505985402,1.105318708036696,46,-2.131758430390157,0.6594928321737733,CREAM SWEETHEART EGG HOLDER,5700.990000000008
22156,-1.5911129483132593,0.46838398562945577,104,-1.6255486778165515,0.2580427838372539,HEART DECORATION WITH PEARLS,5687.78
21900,-1.405805222784259,0.592936584552109,103,-1.5198828085623601,0.3578821392996707,"KEY FOB , SHED",5632.05000000001
22602,-3.402743132053578,0.4735216865705687,72,-2.9626535685614095,0.2622420920318689,RETROSPOT WOODEN HEART DECORATION,5629.20999999999
21207,-2.588918064951222,0.6614843009183633,88,-2.2349097205603075,0.40956339657347096,SKULL AND CROSSBONES  GARLAND,5628.890000000018
84971S,-1.8824424380271512,0.4734412949027889,103,-1.8410500806550367,0.2621763990104765,SMALL HEART FLOWERS HOOK,5627.170000000003
22534,-2.265108159808638,0.6639585066660191,89,-2.0427438176506767,0.41137024229227304,MAGIC DRAWING SLATE SPACEBOY,5625.159999999996
40016,-0.8590309429761749,0.14464770240417385,86,-0.8868180596856595,0.03210410070479841,CHINESE DRAGON PAPER LANTERNS,5604.1399999999885
22443,-1.7175180135826706,1.4000902156365935,65,-1.72284760338356,0.7565470161784407,GROW YOUR OWN HERBS SET OF 3,5601.049999999982
22801,-0.41643922684316603,0.5676423080281651,57,-0.8587194627034531,0.33810283646846107,ANTIQUE GLASS PEDESTAL BOWL,5591.0
22670,-1.2431385260708878,0.530770411781113,68,-1.3917664786907622,0.3087256098067154,FRENCH WC SIGN BLUE METAL,5590.610000000008
22763,-0.9620624547143135,0.811669386520672,52,-1.3515925931339834,0.510859074936922,KEY CABINET MA CAMPAGNE,5590.269999999985
22186,-2.675305726057857,0.9755991765206827,53,-2.103515450906702,0.6014140754810795,RED STAR CARD HOLDER,5573.109999999981
85061W,-2.0191003082866024,0.5121959696646037,100,-1.9325852593821757,0.2937316945055879,WHITE JEWELLED HEART DECORATION,5567.010000000002
23126,-1.753530021724754,2.429769248645083,41,-1.7273589330347299,0.9034674722049231,FELTCRAFT GIRL AMELIE KIT,5556.789999999997
22203,-1.3151942506403205,0.3757791957205934,95,-1.3900727649752223,0.1829123024500645,MILK PAN RED RETROSPOT,5537.489999999993
21112,-2.429569933849641,0.34379130216777265,76,-2.318318318172209,0.15780207719524197,SWISS ROLL TOWEL PINK  SPOTS,5531.4999999999945
22775,-1.1628145529150187,0.43298425587473477,59,-1.2915169665964872,0.2291105515669396,PURPLE DRAWERKNOB ACRYLIC EDWARDIAN,5531.310000000005
22483,-1.4002791997279873,0.5109329173438388,86,-1.4951996647164152,0.2927083338265243,RED GINGHAM TEDDY BEAR,5529.06999999997
23177,1.1069728162399142,2.288454360828915,41,-1.4201685299851872,0.8924985707609535,TREASURE ISLAND BOOK BOX,5528.039999999998
20983,-1.2607285893258628,0.6005498038620622,102,-1.429456043459562,0.3637668569421564,12 PENCILS TALL TUBE RED RETROSPOT,5521.77999999998
22437,-3.0969518198134387,0.8642060698084987,85,-2.3529524721532287,0.5421197993073816,SET OF 9 BLACK SKULL BALLOONS,5505.410000000002
21363,-0.4052121915043842,0.5903861685628432,80,-0.8747735001308145,0.3559033991091327,HOME SMALL WOOD LETTERS,5505.0299999999825
37446,-0.8799082046751806,0.6603750697263313,76,-1.2251623527999222,0.4087519515501836,MINI CAKE STAND WITH HANGING CAKES,5502.079999999997
20978,-1.9867099100269652,0.4775869271877716,102,-1.9170932207993807,0.2655632796243521,36 PENCILS TUBE SKULLS,5497.330000000008
21069,-1.2065677576857499,0.5495730800763183,78,-1.374283533029727,0.323778827985697,VINTAGE BILLBOARD TEA MUG,5485.6800000000085
22842,-2.1867793191225204,0.4133154943465235,58,-2.088279472376514,0.21310318478372625,BISCUIT TIN VINTAGE RED,5484.079999999999
85063,-2.023467333220247,1.1159758186996458,47,-1.8250576515670045,0.663789110767212,CREAM SWEETHEART MAGAZINE RACK,5460.639999999988
22571,-3.0458704196304986,1.0750881611512175,50,-2.191076453380275,0.6469302446563205,ROCKING HORSE RED CHRISTMAS,5445.429999999989
21432,-1.1267938323074351,1.3188494990652584,45,-1.5654714249039563,0.7338582880331961,SET OF 3 CASES WOODLAND DESIGN,5441.859999999993
22476,-1.2678602720916232,0.5674852642537334,81,-1.4222160826916768,0.3379790034494661,EMPIRE UNION JACK TV DINNER TRAY,5426.219999999991
84968D,-1.3840481342542552,0.6326286134834653,41,-1.5162284875460499,0.3881783352133168,SET OF 16 VINTAGE RED CUTLERY,5419.209999999996
22218,-0.6315494716893482,0.7253523549854798,47,-1.1286158037331657,0.4547670121766725,CAKE STAND LACE WHITE,5378.410000000001
22175,-1.7832276820153554,0.435151143777812,95,-1.7696831727672349,0.23087870369723051,PINK OWL SOFT TOY,5372.769999999982
21993,-2.177293464048686,0.2713370331085356,95,-2.1299756564621086,0.10451642542137429,FLORAL FOLK STATIONERY SET,5366.540000000016
22030,-1.5127035050498743,3.3312615730675836,97,-1.713167735088923,0.9462147181248091,SWALLOWS GREETING CARD,5333.9199999999755
84950,-0.7732064029185066,0.7147013699143537,86,-1.1988826696985146,0.4474415060880911,ASSORTED COLOUR T-LIGHT HOLDER,5331.650000000008
22998,-1.60733757319432,2.3801445978048563,43,-1.7128175919495108,0.8998077217609224,TRAVEL CARD WALLET KEEP CALM,5314.899999999994
22896,-1.30495395204855,0.47673056599457314,63,-1.4160930992978984,0.2648637907031678,PEG BAG APPLES DESIGN,5299.120000000019
85132A,-2.215434786458968,0.27422083263564534,57,-2.163151027846714,0.10651196815110497,CHARLIE + LOLA BISCUITS TINS,5293.379999999982
22472,-0.633150131639852,0.4534526086435328,69,-0.9014553112675187,0.24583297148726135,TV DINNER TRAY DOLLY GIRL,5275.939999999994
21718,-2.056363321437565,0.4382664648060097,94,-1.978913766083971,0.23342192854580346,RED METAL BEACH SPADE,5274.070000000011
22433,-2.676626563068524,0.45268565647752584,87,-2.4431749410356405,0.24520582700021132,WATERING CAN GREEN DINOSAUR,5271.059999999984
21713,-2.2776592649975913,0.47554129092010655,87,-2.1317013520181924,0.2638922494387709,CITRONELLA CANDLE FLOWERPOT,5254.66000000001
21071,-1.85520494140866,0.40906357327355525,96,-1.827815035582473,0.2096557177263103,VINTAGE BILLBOARD DRINK ME MUG,5252.700000000015
22894,-0.8196412601619197,1.3366095088684045,47,-1.4884239481848507,0.7390506006255224,TABLECLOTH RED APPLES DESIGN,5228.7799999999925
22117,-1.3634047897772532,0.3657903551746389,85,-1.4266061142209439,0.17499640310825382,METAL SIGN HER DINNER IS SERVED,5222.4900000000025
22691,-2.5420337491513534,0.543816113737148,64,-2.281109410213377,0.319184782765469,DOORMAT WELCOME SUNRISE,5221.99
22509,-1.7795427694196233,0.4590956830024639,66,-1.7657731198629831,0.2504477394509529,SEWING BOX RETROSPOT DESIGN,5215.009999999989
21872,-1.972279644002319,0.49678632242975135,92,-1.902616918897147,0.2812189857708105,GLAMOROUS  MUG,5213.489999999999
22426,-1.2910798602286997,0.3047335234964344,80,-1.346705707486162,0.12832308472900134,ENAMEL WASH BOWL CREAM,5198.989999999995
22374,-1.385778607533884,0.5786599404440806,89,-1.5032552505459613,0.34675968271170143,AIRLINE BAG VINTAGE JET SET RED,5197.470000000002
22412,-1.9072484623662085,0.4668715290904681,89,-1.860333599324725,0.25680625893222375,METAL SIGN NEIGHBOURHOOD WITCH,5182.859999999994
22593,-3.2730718404592745,1.0220168077746918,48,-2.3076153758591387,0.6234747996630439,CHRISTMAS GINGHAM STAR,5169.159999999993
22610,-1.2560194420861788,0.3640405384507769,78,-1.3373661041677514,0.17361614199289055,PENS ASSORTED FUNNY FACE,5153.280000000018
20977,-0.9767537422082186,0.5638846073569753,93,-1.2273718062541132,0.33513651062419003,36 PENCILS TUBE WOODLAND,5149.990000000005
21471,-2.2166584133946543,0.5815324416862252,88,-2.0449138377403133,0.3490064014817169,STRAWBERRY RAFFIA FOOD COVER,5144.379999999995
22956,-1.6941356877018476,0.667949501265398,55,-1.706740830926161,0.4142756004626882,36 FOIL HEART CAKE CASES,5130.220000000005
22075,-2.609192226857879,0.46308002872129034,67,-2.3847563559012004,0.25370604132685737,6 RIBBONS ELEGANT CHRISTMAS,5122.940000000009
22318,-1.3395307790715172,0.3841073251214269,93,-1.4125158011487442,0.18955579994277183,FIVE HEART HANGING DECORATION,5119.709999999972
21544,-1.1372743152417555,0.5911331004803082,98,-1.3466327850243947,0.35648328353731873,SKULLS  WATER TRANSFER TATTOOS,5119.68999999999
22732,-5.108537386197408,1.5490132080135062,42,-2.428997967421796,0.7918319781880714,3D VINTAGE CHRISTMAS STICKERS,5115.260000000009
22276,-0.8847266437709317,0.5281123435743317,88,-1.142209302140939,0.30658683368063755,WASH BAG VINTAGE ROSE PAISLEY,5112.830000000019
21706,-1.6757801371856869,0.24918381022965894,84,-1.6801517151209737,0.08961364908537828,FOLDING UMBRELLA RED/WHITE POLKADOT,5111.710000000002
21578,-1.8201136031569318,0.3144595696260785,77,-1.8071647949655858,0.13551729392898926,WOODLAND DESIGN  COTTON TOTE BAG,5108.420000000001
21056,-0.8972313273945989,0.6616244319443232,73,-1.2361607088465303,0.4096658460634697,DOCTOR'S BAG SOFT TOY,5086.629999999995
22107,-2.4000624282939604,0.3828855146844286,86,-2.272677456317563,0.1885788476340865,PIZZA PLATE IN BOX,5050.009999999986
22583,-0.4577931074433698,0.39966566908636264,81,-0.7137529641216667,0.2020571622903179,PACK OF 6 HANDBAG GIFT BOXES,5044.800000000014
22604,-1.816860469280641,0.9295924461377693,59,-1.7635082504138895,0.5780441240378275,SET OF 4 NAPKIN CHARMS CUTLERY,5029.020000000008
21896,-0.9161290929330183,0.5673425318816367,90,-1.189271660818782,0.33786644487375705,POTTING SHED TWINE,5011.310000000006
84796B,-2.2590986088498073,0.3237433488981867,44,-2.182937797290501,0.1424802366045731,BLUE SAVANNAH PICNIC HAMPER FOR 2,4999.789999999993
85184C,-2.5063292033670437,0.3582279375606908,89,-2.3741747509960196,0.16904592531103768,SET 4 VALENTINE DECOUPAGE HEART BOX,4953.659999999991
20963,-1.5786544395168975,0.4209128025243167,101,-1.6106485758379203,0.2192757952637161,APPLE BATH SPONGE,4937.620000000008
22574,-4.043183655883812,0.8099127945349933,52,-2.8612056631238865,0.5097762781368672,HEART WOODEN CHRISTMAS DECORATION,4930.009999999995
22800,-1.029970816125866,0.47479772422757377,57,-1.2128462480071764,0.2632847465898205,ANTIQUE TALL SWIRLGLASS TRINKET POT,4924.620000000003
20961,-2.0087598702032037,0.4544198947226031,99,-1.9386700246109736,0.2466239559051545,STRAWBERRY BATH SPONGE,4901.5700000000115
20681,-1.213481678684182,0.5914952700262502,63,-1.3958171416996903,0.35676434347478614,PINK SPOTTY CHILDS UMBRELLA,4882.540000000005
21534,-1.5913298111744136,0.49206276139550836,100,-1.6282849865650522,0.27737289819078637,DAIRY MAID LARGE MILK JUG,4877.809999999993
22027,-1.9579765362468458,0.39498362301972767,102,-1.9116943087785188,0.19828394055816123,TEA PARTY BIRTHDAY CARD,4877.109999999968
22128,-1.5371980020296823,0.11272248310080435,72,-1.540897615323605,0.019745525985077728,PARTY CONES CANDY ASSORTED,4872.089999999999
21249,-1.1844567585106858,0.416614888133976,82,-1.3010018736167825,0.21578197807095778,WOODLAND  HEIGHT CHART STICKERS,4862.039999999984
22442,-2.4268635661347893,0.7846137249431244,56,-2.0799899053929747,0.4939102982610196,GROW YOUR OWN FLOWERS SET OF 3,4852.769999999997
22474,-0.8413036959671701,0.3404938619619394,72,-0.9784360339078947,0.15525723133966118,SPACEBOY TV DINNER TRAY,4845.059999999986
84270,-2.870067844552479,1.776946840668773,51,-1.9153015967172373,0.83348922607583,ASSTD DESIGN BUBBLE GUM RING,4840.470000000026
21328,-1.5530768809714006,0.30047590407185654,100,-1.5745483044995263,0.12520820308411307,BALLOONS  WRITING SET,4836.129999999997
22304,-1.6573654401790143,0.7399812947784876,73,-1.6885910095391348,0.4646855856920028,COFFEE MUG BLUE PAISLEY DESIGN,4816.980000000006
21916,-2.809952263336701,0.7575233828179938,104,-2.292917063167169,0.47635907718052606,SET 12 RETRO WHITE CHALK STICKS,4815.769999999998
85049G,-3.413928043890556,1.110785301326802,92,-2.296066341898988,0.6617050984258979,CHOCOLATE BOX RIBBONS,4813.650000000004
22434,-3.0456751028378246,0.5317900740215048,75,-2.6367308124323285,0.30954540311966217,BALLOON PUMP WITH 10 BALLOONS,4811.489999999995
21986,-1.0394758842993497,0.35836295464877893,101,-1.1553595544781607,0.16915181837063575,PACK OF 12 PINK POLKADOT TISSUES,4808.5699999999915
72807B,-1.3303569645520226,0.4273543811626935,84,-1.4188641281720948,0.22452026826827953,SET/3 OCEAN SCENT CANDLE JEWEL BOX,4803.029999999997
22399,-1.5564050119840607,0.5819586072224756,71,-1.6151490884120423,0.3493393533149364,MAGNETS PACK OF 4 CHILDHOOD MEMORY,4799.6
22305,-2.0771422022376305,0.385631589633646,76,-2.009878608556307,0.1907756448723904,COFFEE MUG PINK PAISLEY DESIGN,4777.830000000009
22672,-1.2318745735347043,0.6174683379061011,67,-1.4174807351277976,0.3767214488665246,FRENCH BATHROOM SIGN BLUE METAL,4775.95000000001
23184,-0.7556939416145598,0.5286663177637544,40,-1.0531683955199944,0.30703278465576134,BULL DOG BOTTLE OPENER,4764.499999999997
21811,-2.6565277377351504,0.2165066465196595,77,-2.5920631808970658,0.06917056966652868,CHRISTMAS HANGING HEART WITH BELL,4742.290000000002
22736,-3.330033985229308,0.7420878902903587,45,-2.5817235263764005,0.4661001644648154,RIBBON REEL MAKING SNOWMEN,4742.230000000002
22601,-4.079073129689048,0.7966264910284772,49,-2.898269184740869,0.5015071919452467,CHRISTMAS RETROSPOT ANGEL WOOD,4732.389999999992
22562,-3.1095280625264854,0.7465845700226394,86,-2.4598295900000755,0.4691080810798055,MONSTERS STENCIL CRAFT,4726.050000000001
22451,0.036722669456457524,1.4549322532285296,48,-1.320207349759365,0.7704203363585445,SILK PURSE RUSSIAN DOLL RED,4725.490000000002
82581,-0.77348772690655,0.7776065593879631,104,-1.2389686637489907,0.4894261548402522,TOILET METAL SIGN,4712.050000000017
21506,-1.922666855068822,0.39000982307179954,103,-1.8841780310479048,0.1942857383166865,"FANCY FONT BIRTHDAY CARD,",4707.379999999974
84031A,-1.6110816276344215,0.9913088671850244,74,-1.6801969280511115,0.6090472760037093,CHARLIE+LOLA RED HOT WATER BOTTLE,4706.52000000001
21864,-0.8905752082717637,0.33912515237955454,99,-1.019179098176913,0.15420363098596168,UNION JACK FLAG PASSPORT COVER,4692.080000000005
22743,-1.526921760101583,0.5733315444327415,63,-1.5946297116486385,0.34258070581534195,MAKE YOUR OWN FLOWERPOWER CARD KIT,4684.209999999983
22721,-1.2676986942678763,1.0346099858321227,50,-1.5551607086244783,0.6292070497556279,SET OF 3 CAKE TINS SKETCHBOOK,4678.709999999994
15044B,-2.1814232920976977,0.4955581165110678,68,-2.0534020938896864,0.28021935603438575,BLUE PAPER PARASOL,4655.939999999989
21990,-1.6374698322577044,0.41246404145838644,89,-1.6559694231813906,0.21241238819722985,MODERN FLORAL STATIONERY SET,4646.23000000001
10135,-2.0690393968744596,0.49502210529104484,92,-1.9726606541462757,0.27978300516893917,COLOURING PENCILS BROWN TUBE,4642.600000000008
22573,-3.1034225119230547,0.9618135435971413,48,-2.2835911600671808,0.5945719122963186,STAR WOODEN CHRISTMAS DECORATION,4631.329999999999
37447,-1.5503328330127824,0.36606117532889965,97,-1.5808596729399083,0.17521020515927654,CERAMIC CAKE DESIGN SPOTTED PLATE,4625.4900000000125
22760,-0.8598833346187225,0.8580328613693865,40,-1.3255639151468357,0.5385587217735053,"TRAY, BREAKFAST IN BED",4608.860000000001
51014A,-2.006556167732375,0.45279535789005315,89,-1.9373844155381503,0.24529552976094515,"FEATHER PEN,HOT PINK",4603.919999999988
22747,-1.852146914537186,0.8738247718446074,61,-1.7822805537615325,0.547609492561443,POPPY'S PLAYHOUSE BATHROOM,4602.719999999993
22594,-2.972374644567129,0.8830201985891849,50,-2.2825956626890593,0.5527907877204314,CHRISTMAS GINGHAM TREE,4599.969999999991
21878,-2.791760286902732,0.6281480504128273,82,-2.3810944436550847,0.38480767248756254,PACK OF 6 SANDCASTLE FLAGS ASSORTED,4595.789999999992
22908,-2.857982690281971,0.7876077007974635,61,-2.296016714324816,0.49581439376204717,PACK OF 20 NAPKINS RED APPLES,4590.549999999987
21068,-1.5581709617609452,0.47695939239057356,97,-1.6022731932728698,0.2650507070572269,VINTAGE BILLBOARD LOVE/HATE MUG,4587.910000000008
21564,-1.8605457334022002,0.944629035230701,95,-1.780879840205424,0.5858514481513521,PINK  HEART SHAPE LOVE BUCKET,4580.569999999989
21064,-1.830764057927139,0.2155633765832767,53,-1.8234775334150903,0.06861042476461354,BOOM BOX SPEAKER BOYS,4578.189999999998
21109,-2.0078707279916537,0.2715484698846671,72,-1.9782190457739768,0.10466232096898365,LARGE CAKE TOWEL CHOCOLATE SPOTS,4573.150000000001
15044D,-2.903049377492729,0.47291633008557304,81,-2.5945835323315745,0.2617474044462358,RED PAPER PARASOL,4568.509999999989
22449,-1.9841489004484654,0.5039138061341718,70,-1.9096441049916169,0.2870136302158526,SILK PURSE RUSSIAN DOLL PINK,4548.789999999999
21537,-2.153512697128711,0.3349791722837202,81,-2.08873172422527,0.15102217978128796,RED RETROSPOT PUDDING BOWL,4547.839999999999
22733,-7.615373940511394,1.2702356299054407,40,-3.3802785871513104,0.7189324417439056,3D TRADITIONAL CHRISTMAS STICKERS,4543.520000000005
22312,-0.8090177729004191,0.4198860178525888,73,-1.0090100274643845,0.21844069266808586,OFFICE MUG WARMER POLKADOT,4543.249999999992
21614,-2.5575485765729695,1.5948634236549626,55,-1.89008961790034,0.8012847852471933,SET OF 12 ROSE BOTANICAL T-LIGHTS,4541.119999999993
84279P,-1.2710079696587424,0.3114425762325793,93,-1.331455151887496,0.1332743027680492,CHERRY BLOSSOM  DECORATIVE FLASK,4540.549999999995
21143,-3.4112772958771993,0.6167023032802169,40,-2.7768386852872498,0.3761386715502508,ANTIQUE GLASS HEART DECORATION,4526.780000000002
20966,-2.0311042710765363,0.5708475136770683,72,-1.9266877403277165,0.3406275676127789,SANDWICH BATH SPONGE,4518.1800000000085
22299,-2.4871357364992583,0.43030354604307963,70,-2.314089478482069,0.22692415772742347,PIG KEYRING WITH LIGHT & SOUND,4507.1300000000065
21810,-2.5964695899904706,0.5581105395559169,42,-2.3082473247799262,0.33056539421753195,CHRISTMAS HANGING STAR WITH BELL,4496.759999999991
84968E,-0.4611360429880555,0.9342842368951788,53,-1.1945527473895328,0.5804980733584912,SET OF 16 VINTAGE BLACK CUTLERY,4490.479999999999
21967,-0.4121767495406498,0.6944920779729787,93,-0.9808394139462389,0.4333044642444166,PACK OF 12 SKULL TISSUES,4484.509999999995
22548,-3.476370815864994,0.7205477986910934,82,-2.6854761250647496,0.4514733410447669,HEADS AND TAILS SPORTING FUN,4483.100000000004
72807A,-0.8403561613306407,0.5242967320510004,80,-1.1087238047056833,0.30351241522063,SET/3 ROSE CANDLE IN JEWELLED BOX,4476.619999999995
21012,-0.857365174680645,0.9450193736420219,90,-1.3655879051250874,0.5860519106344756,ANTIQUE ALL GLASS CANDLESTICK,4457.000000000001
22291,-3.0858928851838066,0.7842565321521855,65,-2.413827750282399,0.49368265814550016,"SPRING DEC , HANGING CHICK CREAM",4456.430000000005
84969,-0.8397078407295877,0.4342670114828776,92,-1.0433635241144077,0.2301571782701255,BOX OF 6 ASSORTED COLOUR TEASPOONS,4453.879999999993
22071,-3.1165632069159974,0.5318100677595311,79,-2.6856534589982726,0.30956147406062784,SMALL WHITE RETROSPOT MUG IN BOX,4442.249999999999
22227,-1.2341722955301928,0.29159868585191573,104,-1.2924233341077127,0.11878504427704983,HANGING HEART MIRROR DECORATION,4436.859999999998
21913,-1.90787888267001,0.3230641994149518,95,-1.881853869404437,0.14196785098507203,VINTAGE SEASIDE JIGSAW PUZZLES,4430.699999999997
22202,-0.56410194654394,0.45420964158393556,64,-0.8500998307950082,0.24645202227509233,MILK PAN PINK RETROSPOT,4415.119999999991
20674,-2.2735731846501954,0.4996163701974383,97,-2.1179170799673095,0.2835211558580635,GREEN POLKADOT BOWL,4414.800000000006
22744,-2.563698271230668,0.5425372667341132,60,-2.2967168547748456,0.31816241138463597,MAKE YOUR OWN MONSOON CARD KIT,4414.189999999986
21899,-1.3714378847441393,0.7315035140987375,103,-1.5335072444843463,0.45895779923027014,GARAGE KEY FOB,4411.730000000007
22425,-0.9016154032273197,0.5504190409412719,80,-1.168622875670264,0.32445272438793327,ENAMEL COLANDER CREAM,4406.74999999999
47580,-0.8575634479376031,0.4278068138213145,87,-1.05254198070464,0.22488894446169416,TEA TIME DES TEA COSY,4405.460000000009
85053,-1.3281062736434794,0.521888538123607,72,-1.4476654363067838,0.30156953784943263,FRENCH ENAMEL CANDLEHOLDER,4401.119999999994
72802B,-2.1769917942144876,0.19052513107365182,76,-2.1523731158365624,0.054414438272681775,OCEAN SCENT CANDLE IN JEWELLED BOX,4394.9400000000005
20665,-1.189310174931039,0.3785065647340287,86,-1.288376763823495,0.18508385420805484,RED RETROSPOT PURSE,4377.369999999985
22797,-0.41923377011839447,0.5910087053408136,46,-0.8844356574840415,0.35638673035553625,CHEST OF DRAWERS GINGHAM HEART,4375.259999999994
15039,-2.0898169907086874,0.5450540610995601,93,-1.972872108128021,0.32017382354410096,SANDALWOOD FAN,4361.730000000004
84598,-2.3894958427148643,0.9670282953550681,85,-1.992413641511112,0.5971760750705717,BOYS ALPHABET IRON ON PATCHES,4360.460000000006
79320,-2.682112750987676,0.6699232377643147,41,-2.284051282386326,0.41570823638572696,FLAMINGO LIGHTS,4357.380000000005
22611,-2.782143091526068,0.5699733612262825,57,-2.4226297157294874,0.339939505023776,VINTAGE UNION JACK SHOPPING BAG,4353.7499999999945
22497,-0.9092129694867889,0.47826697308430677,83,-1.1261927601813748,0.266118696060323,SET OF 2 TINS VINTAGE BATHROOM,4349.329999999995
22530,-2.6666645951759542,0.5963245906521976,86,-2.3270320902116146,0.36050504139301043,MAGIC DRAWING SLATE DOLLY GIRL,4344.839999999998
20967,-3.511287987721352,0.3766886580736467,68,-3.1831809602518186,0.1836359614943529,GREY FLORAL FELTCRAFT SHOULDER BAG,4338.829999999999
22600,-3.963515769715995,1.0122674314315379,50,-2.5776844723451573,0.6189639603965003,CHRISTMAS RETROSPOT STAR WOOD,4320.049999999992
21355,-2.738128130153484,0.7444205916956664,76,-2.264121529740679,0.46766252819082543,TOAST ITS - I LOVE YOU,4315.580000000005
22454,-3.678897658596339,0.6936973490781256,55,-2.833174337064107,0.43274224365011216,MEASURING TAPE RUSSIAN DOLL RED,4310.839999999994
21556,-1.0868351802035658,0.5083242816025112,78,-1.2721545612086709,0.2905933853965851,CERAMIC STRAWBERRY MONEY BOX,4310.550000000004
20982,-3.20544145722229,1.5837732458067928,100,-2.022140397441212,0.7990532679997481,12 PENCILS TALL TUBE SKULLS,4309.249999999985
22285,-1.5348981479676802,0.7501814248743933,78,-1.6243254652471457,0.4715026894515112,HANGING HEN ON NEST DECORATION,4307.530000000013
21245,-2.383484927551817,0.47602748782815596,94,-2.2093387183237425,0.26428944970526247,GREEN POLKADOT PLATE,4305.540000000004
23050,-0.7099653426295386,1.1199118355302125,40,-1.385036556967237,0.6653587755717473,RECYCLED ACAPULCO MAT GREEN,4286.550000000002
22723,-1.830758517285687,1.0764607577166174,50,-1.7619953164299584,0.6475128931999827,SET OF 6 HERB TINS SKETCHBOOK,4282.57
21470,-1.9710529482087584,0.39043697270072525,94,-1.9230788666863126,0.19462867135775908,FLOWER VINE RAFFIA FOOD COVER,4269.919999999997
22851,-3.338108611990309,0.7385480097785952,68,-2.589873208889777,0.4637211553282724,SET 20 NAPKINS FAIRY CAKES DESIGN,4250.109999999986
70006,-2.1943573104927117,0.5696001927561796,60,-2.0347935885168242,0.33964566100133786,LOVE HEART POCKET WARMER,4239.520000000004
21609,-0.1290691685727069,2.7261528031538615,76,-1.599736568626897,0.9217633465567567,SET 12 LAVENDER  BOTANICAL T-LIGHTS,4239.399999999998
22807,-1.9731152810351846,0.3875736218854313,57,-1.9253107847139872,0.19233147470419631,SET OF 6 T-LIGHTS TOADSTOOLS,4229.819999999995
21707,-1.8915570725191881,0.4747476351391761,70,-1.8475968195054415,0.2632438213652034,FOLDING UMBRELLA BLACKBLUE POLKADOT,4209.699999999996
21743,-2.499575538200772,0.629086910566409,55,-2.200796405062207,0.3855150451975451,STAR PORTABLE TABLE LIGHT,4209.569999999998
22127,-0.8265546123134702,0.23904110104970322,57,-0.9011436207913939,0.0830605142943811,PARTY CONES CARNIVAL ASSORTED,4190.61
21901,-1.0150736356358399,0.7431835207065923,103,-1.3462875865890247,0.4668345100700365,"KEY FOB , BACK DOOR",4158.860000000012
84596B,-1.7106890721909995,0.302811169903271,100,-1.7124498221504159,0.12691401382382905,SMALL DOLLY MIX DESIGN ORANGE BOWL,4131.539999999993
20981,-2.216569419753583,0.7171089289480675,99,-1.9956067196482667,0.4491049888521882,12 PENCILS TALL TUBE WOODLAND,4125.989999999976
21911,-2.1346252080901795,0.707191242773653,64,-1.9532856882030667,0.4422240244326112,GARDEN METAL SIGN,4125.640000000018
72349B,-2.448485651398335,0.6018182564157485,92,-2.1844390314211037,0.36474406144756066,SET/6 PURPLE BUTTERFLY T-LIGHTS,4125.599999999995
22359,-1.3771289478700726,0.45633890773417185,73,-1.4633596493688505,0.2481932635694002,GLASS JAR KINGS CHOICE,4120.069999999987
22778,-2.1948832944390184,0.48640338335330846,52,-2.06659884052853,0.27275955719301437,GLASS CLOCHE SMALL,4119.49
21812,-1.9889588545655197,0.4224439566911921,64,-1.930653784898292,0.22052157359930336,GARLAND WITH HEARTS AND BELLS,4116.569999999996
21472,-2.759165779061666,0.4217298132332209,69,-2.531614684080127,0.21994046413910118,LADYBIRD + BEE RAFFIA FOOD COVER,4115.319999999997
21679,-2.5028233298368154,0.48700750203952897,94,-2.2901618335400196,0.27325226444826556,SKULLS  STICKERS,4109.149999999985
22639,-1.6606360831870282,0.2103378073036143,68,-1.6648258092632746,0.06553968174307101,SET OF 4 NAPKIN CHARMS HEARTS,4097.540000000004
23193,1.4236351139740204,3.2519781904728986,41,-1.5473493237742169,0.9437095988057222,BUFFALO BILL TREASURE BOOK BOX,4097.279999999999
22284,-2.4187354344921594,0.6003882589141003,87,-2.166304816882738,0.36364233659074174,HEN HOUSE DECORATION,4090.4000000000133
22314,-0.682612731995548,0.5553630739573991,73,-1.0247733758862334,0.32838492697619126,OFFICE MUG WARMER CHOC+BLUE,4088.8299999999913
35924,-2.425600710810593,0.4639203514181385,73,-2.2472613949462783,0.25439319611069855,HANGING FAIRY CAKE DECORATION,4068.3199999999993
18097C,-2.7413631186516962,0.4639881943341296,78,-2.4826395865266133,0.25444867220414036,WHITE TALL PORCELAIN T-LIGHT HOLDER,4067.680000000003
22245,-2.0135689883756367,0.5141154228331604,74,-1.9282294472243895,0.2952860417266251,"HOOK, 1 HANGER ,MAGIC GARDEN",4063.489999999994
21055,-0.8341031488802979,0.4238892078050903,76,-1.031516190849582,0.22169794843851076,TOOL BOX SOFT TOY,4059.1599999999958
21648,-1.2607623116690276,0.5510410281360262,76,-1.411473302852629,0.32494800571243687,ASSORTED TUTTI FRUTTI SMALL PURSE,4056.710000000006
22445,-1.0445389460352787,0.46188829179986857,72,-1.2164023501866639,0.25273149466610456,PENCIL CASE LIFE IS BEAUTIFUL,4052.1199999999913
21192,-1.2577258315264035,0.5586695192337037,66,-1.4122528273258723,0.3310085956405603,WHITE BELL HONEYCOMB PAPER,4043.8899999999962
22057,-1.4999591934136487,0.3350409060264662,81,-1.5338899098571148,0.15106943912838322,CERAMIC PLATE STRAWBERRY DESIGN,4043.0200000000086
22053,-2.4400718768104737,0.8207914288260246,50,-2.070552268999194,0.5164428185082842,EMPIRE DESIGN ROSETTE,4023.3899999999994
21987,-1.7090151413868497,0.5290143827964281,96,-1.7137930881146037,0.3073129236263391,PACK OF 6 SKULL PAPER CUPS,4001.710000000017
21813,-1.6166745946865124,0.7895837694660477,43,-1.6703022060739134,0.4970672337474631,GARLAND WITH STARS AND BELLS,3987.3999999999955
22118,-1.4219285938417183,0.3655562965114314,72,-1.4748325538514582,0.1748116610824204,JOY WOODEN BLOCK LETTERS,3984.8499999999894
22536,-4.891596084996523,1.9041060208076455,81,-2.1939155219308706,0.851800465154325,MAGIC DRAWING SLATE PURDEY,3980.29
22475,-0.9576099384961818,0.41576140161173386,80,-1.1225728281860334,0.2150887398070781,SKULL DESIGN TV DINNER TRAY,3940.479999999989
21846,-2.020435507464788,0.28941285749342877,82,-1.985753628790622,0.11721885406613397,PINK DIAMANTE PEN IN GIFT BOX,3937.4000000000046
22965,-0.36611611037608427,0.5000634831391275,55,-0.7517583137553439,0.28388471349847244,3 TRADITIONAl BISCUIT CUTTERS  SET,3936.949999999987
37340,-0.7423693124542398,0.17356938938102634,81,-0.7871396777202583,0.04558202961521396,MULTICOLOUR SPRING FLOWER MUG,3932.1799999999935
22272,-1.3480449826598118,0.7595119023519291,66,-1.527895079281812,0.47766709989190514,FELTCRAFT DOLL MARIA,3930.9599999999828
72802A,-2.888575341409963,0.37087975683741203,75,-2.680191398773407,0.17902205197387422,ROSE SCENT CANDLE IN JEWELLED BOX,3925.8999999999983
22579,-3.1129374724100844,0.42890840502061006,43,-2.7994608079825403,0.22578676645760354,WOODEN TREE CHRISTMAS SCANDINAVIAN,3923.4700000000003
22980,0.31771014528309194,0.6320669150834597,42,-0.4741943930740107,0.3877564959625036,PANTRY SCRUBBING BRUSH,3914.960000000012
22843,-0.623897406872309,0.8856488918403201,52,-1.233952129454577,0.5542600103735675,BISCUIT TIN VINTAGE GREEN,3912.51
23049,-2.2195323399114573,0.35930406042523916,40,-2.1354417991790293,0.1698902790546829,RECYCLED ACAPULCO MAT RED,3896.840000000002
21627,-0.45222655693772423,0.3594390508530023,70,-0.6685189239132365,0.1699962534631384,ELEPHANT CARNIVAL POUFFE,3885.7299999999977
21067,-2.0539060969957363,0.28664784726376846,80,-2.015950362466081,0.11524666279567497,VINTAGE RED TEATIME MUG,3883.220000000003
22962,-1.175197447925966,0.4807356413980912,52,-1.32250120887413,0.26813450056982846,JAM JAR WITH PINK LID,3878.8499999999904
22162,-1.0019950093545744,0.9124502248572504,68,-1.4130919837316804,0.5689390970696271,HEART GARLAND RUSTIC PADDED,3877.4599999999937
21447,-0.7661432132447101,0.5092138097200405,89,-1.0453449490181084,0.29131477146427487,12 IVORY ROSE PEG PLACE SETTINGS,3872.640000000004
22478,-1.6733919510112372,0.4788912012507426,84,-1.6870355135544914,0.2666284794939372,BIRDHOUSE GARDEN MARKER,3867.190000000003
22494,-0.44259992548370447,0.36227285735967385,97,-0.6633844746660813,0.172223846276633,EMERGENCY FIRST AID TIN,3857.2300000000096
21329,-1.6598393409028342,0.22804733042178385,99,-1.6647689670482961,0.07616463228268966,DINOSAURS  WRITING SET,3857.20000000001
22774,-2.675423214113388,0.589721886549437,51,-2.3374993280978407,0.3553874191515438,RED DRAWER KNOB ACRYLIC EDWARDIAN,3856.2800000000016
22544,-1.7412920768750917,0.6229679948392347,80,-1.734919923813842,0.380894614488376,MINI JIGSAW SPACEBOY,3826.9799999999914
84558A,-2.34342760612626,0.42131215842284175,72,-2.2075244465931734,0.21960066669761436,3D DOG PICTURE PLAYING CARDS,3825.7799999999893
21100,-0.7511179614349177,0.728264550659207,60,-1.1957434337126713,0.4567547420518421,CHARLIE AND LOLA CHARLOTTE BAG,3824.13000000001
22458,-1.2469405633541295,1.0384268607979614,49,-1.548283630420192,0.6309236588526724,CAST IRON HOOK GARDEN FORK,3820.950000000002
85049C,-3.577511998061553,0.7194318075905899,96,-2.7423770630392124,0.4507057522200105,ROMANTIC PINKS RIBBONS,3817.5500000000015
21845,-1.0902072471521556,0.37502878994692357,76,-1.2058601043904829,0.18231555820980927,DAIRY MAID STRIPE MUG,3812.299999999997
22398,-1.3879443112856136,0.3195839006723297,79,-1.4348519046951673,0.13934949361573445,MAGNETS PACK OF 4 SWALLOWS,3809.1499999999896
22292,-1.5520845011596065,1.294334683819344,70,-1.677383844177693,0.7264650761205553,"SPRING DEC , HANGING CHICK  YELLOW",3797.0200000000013
21486,-11.306631638608842,3.552080691035025,43,-2.180807183164014,0.9523855917901689,PINK HEART DOTS HOT WATER BOTTLE,3794.0500000000034
84356,-1.6221051799872055,0.41483020575749346,64,-1.6440651543886609,0.21433260951088806,POMPOM CURTAIN,3777.9900000000007
85232D,-0.8506336324615378,0.3526122974641305,76,-0.9945289301576961,0.16465330334251105,SET/3 DECOUPAGE STACKING TINS,3766.1699999999914
23127,-1.8686874493622605,1.278415918783237,40,-1.7646985986385402,0.7215194243697332,FELTCRAFT GIRL NICOLE KIT,3763.9500000000016
85114B,-1.3163360719713335,0.46680250599438805,83,-1.4211481716855383,0.2567498256174464,IVORY ENCHANTED FOREST PLACEMAT,3747.8900000000026
22461,-1.5134503627022473,0.32544548401753004,59,-1.5438012233688325,0.14376644173048791,SAVOY ART DECO CLOCK,3735.279999999996
23182,-0.5432223419094837,0.21386565245171402,41,-0.6230889069020407,0.0676067389196795,TOILET SIGN OCCUPIED OR VACANT,3718.0900000000083
22166,-0.586495254840725,0.4051344461454268,80,-0.8214778291182064,0.2064750977799853,WALL MIRROR RECTANGLE DIAMANTE PINK,3705.490000000001
21866,-0.44826368074545747,0.27966221223818744,99,-0.5890522712289006,0.11031004111648646,UNION JACK FLAG LUGGAGE TAG,3703.6399999999985
21246,-1.2609434769521686,0.3585643170354653,74,-1.339438730339601,0.16930976959897126,RED SPOTTY BIG BOWL,3695.530000000002
85040A,-1.1472488746812046,0.44363843459485225,98,-1.284539919058315,0.23781010090489774,S/4 PINK FLOWER CANDLES IN BOWL,3684.5600000000077
22902,-1.9559741164207836,0.6481847379144238,58,-1.8634609751812203,0.39977766870520726,TOTE BAG I LOVE LONDON,3680.8799999999997
21784,0.08583845032471163,0.3526631858957677,68,-0.21232194370372093,0.16469300416567612,SHOE SHINE BOX,3657.6799999999976
21054,-1.5003157760845993,1.289385371099558,62,-1.6628812584917325,0.7249398310853667,NURSE'S BAG SOFT TOY,3645.399999999998
22095,-1.3779088528413856,0.38233057092243844,76,-1.443126691003988,0.18813536992992697,LADS ONLY TISSUE BOX,3637.6200000000017
21509,-2.380474801800147,0.4668235622495898,103,-2.212058176258353,0.2567670412452514,COWBOYS AND INDIANS BIRTHDAY CARD,3637.029999999978
22603,-4.063481372641696,0.8963098325909703,46,-2.753302397119828,0.5601643854821173,CHRISTMAS RETROSPOT TREE WOOD,3635.5599999999927
22452,-2.641734325382615,0.2554476797972388,64,-2.5557513730445,0.09374793568964812,MEASURING TAPE BABUSHKA PINK,3629.100000000003
84968F,-1.6376815419626607,0.458104094233354,51,-1.6593702625616598,0.2496368199336536,S/16 VINTAGE SKY BLUE CUTLERY,3622.76
21191,-0.6293980042533389,0.578636287375944,64,-1.0091366647763675,0.346741164498763,LARGE WHITE HONEYCOMB PAPER BELL,3610.5200000000004
22176,-1.2451323410105175,0.49803718588689677,85,-1.3804451847565196,0.2822367391347723,BLUE OWL SOFT TOY,3598.799999999994
22531,-3.3240286541370527,0.9359764824916367,86,-2.3941324113517197,0.5813791812836313,MAGIC DRAWING SLATE CIRCUS PARADE,3591.9799999999955
20886,-0.8730365571460473,0.4388993527837783,90,-1.0722415007966442,0.23393874604927822,BOX OF 9 PEBBLE CANDLES,3589.499999999999
21794,-2.25690984172881,0.4216396968831884,70,-2.1398641827892395,0.21986714344142788,CLASSIC FRENCH STYLE BASKET NATURAL,3585.979999999995
22334,-2.4384640999182885,0.49056634140713157,90,-2.2413176465401925,0.2761535925810781,DINOSAUR PARTY BAG + STICKER SET,3582.059999999996
21179,-1.356684046031787,0.25771408746560137,87,-1.391728037529888,0.09525966510630035,NO JUNK MAIL METAL SIGN,3570.870000000012
22320,-1.3260063888636595,0.6000018525132611,68,-1.4708195818024559,0.3633444291689587,BIRDS MOBILE VINTAGE DESIGN,3568.81999999999
22939,-1.712221507188537,0.38605878517156855,53,-1.7145801161366685,0.19111772892845558,ADULT APRON APPLE DELIGHT,3560.3500000000017
22076,-2.5325267808523186,0.3439758307265717,97,-2.404913079089555,0.1579447589811821,6 RIBBONS EMPIRE,3542.430000000008
22428,-0.9841140231565378,0.4096225957449791,75,-1.139688686633872,0.21010865615532215,ENAMEL FIRE BUCKET CREAM,3540.5799999999967
22822,-0.8808556214849323,0.9840025256760573,48,-1.3917360285774183,0.6055187368576216,CREAM WALL PLANTER HEART SHAPED,3534.7700000000077
22309,-1.6805101038093855,0.40838211250211226,86,-1.6897216522461165,0.20910371096150115,TEA COSY RED  STRIPE,3517.3300000000045
21466,-1.1161207015458579,0.6484824952916441,88,-1.3594963175388424,0.3999980956213085,RED FLOWER CROCHET FOOD COVER,3517.2899999999977
21469,-2.5001263967302396,0.4890558698612443,75,-2.2869065135926663,0.27492244295404866,POLKA DOT RAFFIA FOOD COVER,3512.009999999999
21507,-2.881701170128597,0.4675191344203086,103,-2.583928081291586,0.25733573002996535,ELEPHANT BIRTHDAY CARD,3495.3999999999805
37501,-1.2934034481897603,0.6932897190029788,68,-1.4798598301840848,0.4324536882812462,TEA TIME TEA SET IN GIFT BOX,3478.6599999999958
21327,-1.575954161396865,0.292618151535869,101,-1.593715494236064,0.11951762921447673,SKULLS WRITING SET,3476.940000000012
21902,-2.009002621438802,0.617641695442181,101,-1.901810479818338,0.3768532835400342,"KEY FOB , FRONT  DOOR",3472.740000000011
22762,-1.1385890368151832,0.32559354072963365,50,-1.222898013583261,0.1438784555416418,CUPBOARD 3 DRAWER MA CAMPAGNE,3468.0999999999976
22183,-2.811013430770998,0.5933862181977383,60,-2.4218135024391247,0.35823060834847,CAKE STAND VICTORIAN FILIGREE MED,3465.2199999999975
22440,-1.4731893378962893,6.173599418460342,76,-1.7204699896218043,0.9837188410233456,BALLOON WATER BOMB PACK OF 35,3463.6700000000055
21364,-2.1188402055880435,0.641269661892421,52,-1.9632419020372207,0.3946415329087193,PEACE SMALL WOOD LETTERS,3461.720000000001
21039,-0.7008448839497651,0.3535828368006,81,-0.870178866377633,0.1654108094836515,RED RETROSPOT SHOPPING BAG,3445.6700000000064
22154,-3.7125172697598074,0.6685829582803241,57,-2.8880415162262625,0.41473569893449747,ANGEL DECORATION 3 BUTTONS,3440.7299999999946
22459,-2.653631201032371,0.8185002188104896,51,-2.175117669597313,0.5150465214553839,CAST IRON HOOK GARDEN TROWEL,3440.5800000000017
22972,-2.350881458713513,0.9273822246596057,49,-1.9895691136131681,0.5768824651554543,CHILDREN'S SPACEBOY MUG,3436.6100000000083
21123,-2.3905686710384426,0.611709218919616,80,-2.142593866247765,0.37233116908354447,SET/10 IVORY POLKADOT PARTY CANDLES,3435.5599999999977
84031B,-2.171758519370862,0.31749710271570386,73,-2.1101413967984017,0.13778553242318092,CHARLIE LOLA BLUE HOT WATER BOTTLE,3428.6400000000135
22794,-1.9736631592125105,0.5291079620958762,59,-1.8970925901437665,0.3073882334109549,SWEETHEART WIRE MAGAZINE RACK,3399.2400000000007
22477,-1.6278437792482723,0.5549680269645331,77,-1.6595744442743148,0.32807112636657054,WATERING CAN GARDEN MARKER,3398.030000000002
21211,-2.093096659132596,0.34883090168275704,87,-2.033501472483055,0.16170877932234673,SET OF 72 SKULL PAPER  DOILIES,3390.2900000000013
20702,-1.1174588681169915,0.7282282956943242,74,-1.3947413951676262,0.4567300364030762,PINK PADDED MOBILE,3385.95
21830,-5.04645715502707,0.4584292892175795,91,-4.216306534224293,0.2499027638053012,ASSORTED CREEPY CRAWLIES,3380.939999999987
22792,-2.139439413004171,0.7652629058227595,54,-1.939704251362988,0.4814324971018491,FLUTED ANTIQUE CANDLE HOLDER,3380.5000000000005
22891,0.03416654985321682,0.7514568752711851,55,-0.7965680993264735,0.47234938430611983,TEA FOR ONE POLKADOT,3379.44
18098C,-1.198186324142148,1.0097775824544684,64,-1.523382471989906,0.6178016356519995,PORCELAIN BUTTERFLY OIL BURNER,3375.759999999993
22223,-1.333880523685897,0.4042985989044628,73,-1.414282574208238,0.20579915874632404,CAKE PLATE LOVEBIRD PINK,3374.78
22419,-0.8962101759529062,0.4861779422959263,81,-1.1219989096564058,0.27257567758900436,LIPSTICK PEN RED,3374.5499999999965
84813,-1.4101672108273342,0.25160826975704126,51,-1.4388419988243428,0.09120612290265884,SET OF 4 DIAMOND NAPKIN RINGS,3364.499999999999
21917,-2.9058700197880487,0.6274415968306601,98,-2.4519230932349156,0.3842750275349076,SET 12 KIDS  WHITE CHALK STICKS,3358.329999999995
84828,-2.0118404990233696,0.4255251024977999,85,-1.947768904473165,0.22303004619356248,JUNGLE POPSICLES ICE LOLLY MOULDS,3352.8000000000015
22136,-1.3029930981049063,0.40685400332475485,88,-1.3906232579891769,0.20786644083967332,LOVE HEART SOCK HANGER,3348.920000000006
21352,-2.4990600475547966,0.35024084266095407,43,-2.3729676941351605,0.16280539083920298,EUCALYPTUS & PINECONE  WREATH,3340.71
15058B,-0.779890940732003,0.4781537663916866,51,-1.031198400297977,0.2660262398208304,PINK WHITE SPOTS GARDEN PARASOL,3327.6699999999983
22572,-3.847053409706246,0.7817881111717715,48,-2.802561347165757,0.4921067627740707,ROCKING HORSE GREEN CHRISTMAS,3326.769999999993
22773,-1.5542474951439957,0.6602170945792318,56,-1.6238444478307332,0.40863631619594376,GREEN DRAWER KNOB ACRYLIC EDWARDIAN,3321.2800000000016
22863,-0.03603469912216917,0.8158931990202792,51,-0.9030139584209785,0.5134527177128809,SOAP DISH BROCANTE,3314.119999999997
84849B,-1.8314672845853086,0.5442304270250732,76,-1.7973095543365507,0.3195158623298071,FAIRY SOAP SOAP HOLDER,3309.9900000000102
84510A,-1.281272745234865,0.2915020899083156,102,-1.3338982152938006,0.1187157002305751,SET OF 4 ENGLISH ROSE COASTERS,3309.2100000000028
84975,-1.0802342173533264,0.7617524755005272,48,-1.3889559250453973,0.47913718790217197,HEART SHAPED MIRROR,3308.650000000004
22963,-1.5464558637236312,0.3869102622833578,55,-1.580616712634774,0.19179982903347204,JAM JAR WITH GREEN LID,3304.6599999999958
21111,-1.8453196567484906,0.365355753218691,68,-1.8242290327842952,0.17465340096228255,"SWISS ROLL TOWEL, CHOCOLATE  SPOTS",3300.6000000000017
21829,-2.4823887943789256,0.6103548450502547,95,-2.2010111672078727,0.3712957449535176,DINOSAUR KEYRINGS ASSORTED,3297.9199999999873
21820,-2.6349827540083774,0.3797060481786688,60,-2.465608023667414,0.1860401889373221,GLITTER HEART GARLAND WITH BELLS,3297.75
84944,-2.5494656166888663,0.5676765991754327,45,-2.2705412762869788,0.3381298743066624,SET OF 6 KASHMIR FOLKART BAUBLES,3291.530000000002
21467,-2.007560551753196,0.7468872926544121,81,-1.8747467982597206,0.4693100096294316,CHERRY CROCHET FOOD COVER,3286.249999999998
20992,-2.4197220626168034,0.4001201247969441,96,-2.2790052028983268,0.20242386824336933,JAZZ HEARTS PURSE NOTEBOOK,3285.580000000009
22310,-0.9821652474060624,0.4932609467991942,76,-1.1888107489161137,0.2783489059202835,IVORY KNITTED MUG COSY,3272.609999999999
21333,-2.2206502924492244,1.0115704590660763,61,-1.9137511117487696,0.6186390209998958,CLASSIC WHITE FRAME,3268.8000000000025
22313,-1.3129838674864232,0.3793870231581845,54,-1.3894493413261786,0.18578575782915108,OFFICE MUG WARMER PINK,3260.169999999999
21557,-1.36009639031024,0.3264761344380157,93,-1.4127787612904328,0.1445466384679115,SET OF 6 FUNKY BEAKERS,3259.890000000002
79164,-0.9311722657436605,0.23665392196796312,47,-0.995868837360242,0.08154443746160844,BLACK WINE GLASS,3247.850000000004
22194,-0.7306846634590809,0.331631425670324,70,-0.8782403392776693,0.14846457971260774,BLACK DINER WALL CLOCK,3246.100000000001
21628,-1.3190619081382808,0.39961342561657437,50,-1.4009791428016423,0.20201501149732204,TRIANGULAR POUFFE VINTAGE,3230.1299999999997
21949,-1.6422442813669926,0.4422945293690398,79,-1.6617300268429764,0.2367120312506975,SET OF 6 STRAWBERRY CHOPSTICKS,3224.2800000000066
22927,-1.6138164118310105,0.6894804858745132,42,-1.6614097367844929,0.4297512111799149,GREEN GIANT GARDEN THERMOMETER,3221.9100000000053
84596F,-1.7261546141571495,0.24971422762094764,100,-1.7260113980905287,0.08996120443354638,SMALL MARSHMALLOWS PINK BOWL,3218.5999999999945
21705,-1.7140074945875132,1.0078367971022184,56,-1.7205188856713054,0.6168926988186719,BAG 500g SWIRLY MARBLES,3210.660000000002
22473,-1.8101190352241088,0.25438947644187615,65,-1.8021584442281489,0.09304495375023347,TV DINNER TRAY VINTAGE PAISLEY,3210.1699999999973
21519,-1.3313098275537596,0.28718695113605236,100,-1.3767818039632458,0.11563039136221154,GIN & TONIC DIET GREETING CARD,3205.4299999999816
85227,-2.1843180965488793,0.5261234161633804,93,-2.044099636406323,0.30498487320401124,SET OF 6 3D KIT CARDS FOR KIDS,3197.0699999999965
22406,-1.8136775751558398,0.5245897620890269,71,-1.7866090292677084,0.3037486962288375,MONEY BOX KINGS CHOICE DESIGN,3195.610000000004
21786,-1.1963033128671638,0.5801741006550778,98,-1.3801082512506837,0.34794452182572166,POLKADOT RAIN HAT,3193.589999999986
22700,-1.9566959621821327,0.44204985719896955,41,-1.9017936142164105,0.23651213468495136,BLACK AND WHITE DOG BOWL,3187.8599999999997
22805,-1.3974241761061221,0.5230168671593243,60,-1.4963770451760354,0.3024800826229618,BLUE DRAWER KNOB ACRYLIC EDWARDIAN,3182.730000000003
20956,-2.589848049854274,0.517197061289654,70,-2.3321839658357417,0.297779299840637,PORCELAIN T-LIGHT HOLDERS ASSORTED,3179.0000000000027
22325,-1.7257825161936613,0.49082607420019597,73,-1.725445384324982,0.27636525516678545,MOBILE VINTAGE HEARTS,3178.579999999994
22702,-1.9865269231548945,0.48536326984082534,47,-1.9152959181016436,0.2719111312804908,BLACK AND WHITE CAT BOWL,3164.72
21272,-1.4420693460743332,0.46742323518087936,83,-1.514742814975574,0.2572573257643289,SALLE DE BAIN HOOK,3163.6500000000074
82578,-1.387873584866312,0.37910170629592593,101,-1.4503490185785182,0.1855582564306436,KITCHEN METAL SIGN,3160.389999999994
22372,-0.7593476180672506,0.5679805992963537,84,-1.085946986952507,0.338369546726047,AIRLINE BAG VINTAGE WORLD CHAMPION,3158.2500000000023
84912B,-1.0901725419882802,0.8399282858103517,83,-1.4250945710014078,0.5279433442714241,GREEN ROSE WASHBAG,3156.399999999989
21765,-0.7901764806318703,1.0531011210553731,40,-1.3857863748536086,0.6374344154624707,HANGING METAL BIRD BATH,3155.890000000001
15058A,-1.4970526210235726,0.3359584471940109,53,-1.5315823292029482,0.15177225422671303,BLUE WHITE SPOTS GARDEN PARASOL,3153.7299999999996
21408,-1.3702279637870152,0.3754471039248714,85,-1.4349465450186234,0.18264817385642085,SPOTTY PINK DUCK DOORSTOP,3146.6899999999996
47504K,-0.8329938143471161,0.33603727000306033,89,-0.9683630857621012,0.15183266594791311,ENGLISH ROSE GARDEN SECATEURS,3138.4900000000002
22757,-1.8512267357384233,0.5418618532399315,65,-1.8109954079851034,0.3176221878425828,LARGE RED BABUSHKA NOTEBOOK,3120.3300000000013
22754,-1.9006776115432638,0.7676150697379835,66,-1.8156202386003808,0.48296502773551153,SMALL RED BABUSHKA NOTEBOOK,3116.1899999999937
22208,-1.4742054340375579,0.40950735931623977,88,-1.5267842723109133,0.2100152796911946,WOOD STAMP SET THANK YOU,3113.479999999993
22375,-1.14697041442593,0.368269018693955,88,-1.2491782253651553,0.17695496358281737,AIRLINE BAG VINTAGE JET SET BROWN,3109.2800000000025
22925,-2.507055381977279,0.4252136047595763,46,-2.332734502876731,0.22277635224916792,BLUE GIANT GARDEN THERMOMETER,3108.460000000003
22129,-1.024168404545681,0.28408894709468197,64,-1.1036145366113788,0.11343059128457977,PARTY CONES CANDY DECORATION,3105.3200000000024
22067,-1.5246579882635096,0.3176632115438425,92,-1.5522268097242664,0.13790985581067616,CHOC TRUFFLE GOLD TRINKET POT,3105.240000000005
22037,-2.502490833513905,0.5491919479152643,94,-2.250850420222042,0.3234751161304523,ROBOT BIRTHDAY CARD,3096.23999999998
21206,-2.4758172610462443,0.43018924821008725,82,-2.3054094513832615,0.22683096316575102,STRAWBERRY HONEYCOMB  GARLAND,3092.650000000004
84279B,-1.1499303332974664,0.47620093415242726,47,-1.3018810097683837,0.26443114170796433,CHERRY BLOSSOM DECORATIVE FLASK,3088.1699999999996
20985,-1.5598371783417044,0.6381082024233186,89,-1.6244561155043875,0.3922826330778685,HEART CALCULATOR,3081.7600000000016
35001W,-1.2276820076009893,0.7309205202939584,46,-1.4555325149459617,0.4585618622926605,HAND OPEN SHAPE DECO.WHITE,3078.6699999999983
22712,-1.1812298572190087,0.40604026168046314,69,-1.2938126981613716,0.2072078933298782,CARD DOLLY GIRL,3067.5299999999856
21626,-2.1311027521547694,0.5790679043833593,73,-1.9900012015664932,0.3470790354393083,VINTAGE UNION JACK PENNANT,3060.900000000006
22755,-2.320532541782007,0.30519840899434747,68,-2.243852374868913,0.12866449541081693,SMALL PURPLE BABUSHKA NOTEBOOK,3054.989999999994
15044C,-1.4767425815424589,0.40310716816668635,84,-1.527505073462278,0.2048360919065888,PURPLE PAPER PARASOL,3050.879999999996
21354,-2.3867027728144907,0.6251918724732695,66,-2.1333834123002653,0.3825766590864733,TOAST ITS - BEST MUM,3050.82
22930,-1.3127079617479847,1.1214970092752055,46,-1.5869983786382271,0.6659883510236513,BAKING MOULD HEART MILK CHOCOLATE,3049.000000000006
22576,-3.707939460411918,1.3165741527689196,45,-2.253760809949516,0.7331832429629571,SWALLOW WOODEN CHRISTMAS DECORATION,3045.239999999997
22402,-1.7161974312225468,0.34825185261415,77,-1.7175463950061571,0.1612588634161467,MAGNETS PACK OF 4 VINTAGE COLLAGE,3036.4699999999943
22277,-1.0660531491852192,0.533744437107923,84,-1.2709257451745994,0.31111563216580107,COSMETIC BAG VINTAGE ROSE PAISLEY,3028.3399999999974
22519,-0.9977396614293186,0.7817130122897958,56,-1.3553792613030862,0.49205874230819835,CHILDS GARDEN BRUSH PINK,3023.4299999999953
22132,-2.003138844854004,0.3783032057845928,95,-1.9516240324097813,0.18492179601135872,RED LOVE HEART SHAPE CUP,3011.51
21688,-1.9848289027832584,0.4605130443942368,71,-1.9193441282795551,0.25160684820482393,SILVER PLATE CANDLE BOWL SMALL,3010.8599999999983
22664,-1.1533453156719669,0.5678960952281478,70,-1.3465898087911214,0.33830292861945055,TOY TIDY DOLLY GIRL DESIGN,3008.8800000000037
84912A,-3.607363451084892,0.9748490340007281,72,-2.475714984529599,0.6010452400826272,PINK ROSE WASHBAG,3007.6899999999946
22905,-2.8348001545200585,1.356671299113114,48,-2.0079443041081775,0.7447558187531377,CALENDAR IN SEASON DESIGN,2998.480000000004
22184,-1.3884942138809775,0.35324670233151184,45,-1.4439953685334501,0.16514837640699886,CAKE STAND VICTORIAN FILIGREE LARGE,2997.209999999993
22974,-2.0851927682626425,0.8923126252421273,49,-1.883975302387796,0.5579607724096066,CHILDRENS DOLLY GIRL MUG,2994.2900000000063
22674,-1.0151465997427416,0.8394531067148037,67,-1.3894779677607436,0.5276612702267487,FRENCH TOILET SIGN BLUE METAL,2985.0900000000015
21821,-0.9842672204410354,0.8055891897839861,40,-1.3596715581219871,0.5071007176739983,GLITTER STAR GARLAND WITH BELLS,2983.809999999998
85049D,-3.477072652189516,3.3352831643120613,85,-1.8186069008007153,0.9463373893633963,BRIGHT BLUES RIBBONS,2982.960000000001
22811,-1.519396257959877,0.4746721433683169,47,-1.5733923850891423,0.26318214047992505,SET OF 6 T-LIGHTS CACTI,2978.66
22955,-1.7603407205495254,0.7055466221313936,48,-1.7445598763824168,0.4410757416158232,36 FOIL STAR CAKE CASES,2975.569999999998
20752,-1.143805608616565,0.5560931501161512,91,-1.3348541529211115,0.328964669463654,RETRO BLUE SPOTTY WASHING UP GLOVES,2960.679999999987
22518,-1.4477078548640017,0.6297028672672859,54,-1.554567937371534,0.3859788196033823,CHILDS GARDEN BRUSH BLUE,2954.4499999999944
21948,-1.2701148930659922,0.4256495220364619,95,-1.371516447024645,0.22313138314532321,SET OF 6 CAKE CHOPSTICKS,2952.6900000000046
22581,-2.6635421107275077,0.7330205058185724,43,-2.2316239294897264,0.4599868196432717,WOOD STOCKING CHRISTMAS SCANDISPOT,2946.8699999999976
22990,-1.7446914654911756,0.79731314256334,42,-1.7345880427105131,0.5019379757531148,COTTON APRON PANTRY DESIGN,2942.1800000000026
22450,-2.833480013653839,0.6901820454192725,56,-2.3563685950898794,0.43024974552909623,SILK PURSE RUSSIAN DOLL BLUE,2939.119999999993
22983,-1.493693643644912,0.49041102600482334,64,-1.557419723476863,0.27602701666578155,CARD BILLBOARD FONT,2938.519999999984
22480,-3.4767232001311728,29.542506308280704,67,-1.7258281223158014,0.9992777579547261,RED TEA TOWEL CLASSIC DESIGN,2936.8300000000004
22696,-3.4794579841423037,0.3959410665549305,56,-3.1301376256412947,0.1990548093515795,WICKER WREATH LARGE,2926.6200000000053
22897,-1.78888342939824,0.7395343400259998,61,-1.7590138181620694,0.4643850102055139,OVEN MITT APPLES DESIGN,2923.910000000002
22293,-3.258329395493143,0.5317485168663478,71,-2.783610180361488,0.3095119990712841,"SPRING DEC , HANGING CHICK  GREEN",2909.6600000000035
22818,-5.858085142156443,0.6022970774450411,40,-4.348883598828967,0.3651126955072935,CARD CHRISTMAS VILLAGE,2899.3799999999906
21324,-1.210780421356543,0.5949130055334747,61,-1.3954404417289967,0.3594130242096346,HANGING MEDINA LANTERN SMALL,2898.819999999999
21709,-1.58289368430566,0.352168922165081,62,-1.6061709538546685,0.1643074851241969,FOLDING UMBRELLA CHOCOLATE POLKADOT,2896.52
22949,-2.1942559478036614,0.43053847218703223,55,-2.087581215667164,0.22711571567091526,SET OF 36 DOLLY GIRL PAPER DOILIES,2888.880000000004
21693,-2.5439714138558926,0.4100801952872317,64,-2.371502671146661,0.21047949186252635,SMALL HAMMERED SILVER CANDLEPOT,2887.5999999999985
21465,-1.3891358317021794,0.4978493875032822,80,-1.4837543534356157,0.28208395952765564,PINK FLOWER CROCHET FOOD COVER,2886.889999999999
21439,-1.2383633461527734,0.5057561287810858,83,-1.3786364782711904,0.28850953587857586,BASKET OF TOADSTOOLS,2881.340000000001
22914,-1.1945809788564954,1.0405834581066105,50,-1.5294707343595906,0.6318893296465047,BLUE COAT RACK PARIS FASHION,2881.2999999999975
21682,-1.57405837665241,0.3849981997631587,79,-1.6026946137036928,0.1902686125966625,LARGE MEDINA STAMPED METAL BOWL,2866.590000000004
22671,-2.5518654162874888,0.5280700281333307,64,-2.298253461988952,0.3065527652545649,FRENCH LAUNDRY SIGN BLUE METAL,2865.8500000000013
21424,-1.3815823943770327,0.47054141390384646,61,-1.4706908517498767,0.259806385221371,WOODLAND STORAGE BOX LARGE,2861.640000000002
47480,-1.279849145332641,0.5443965295409224,69,-1.4220011800456012,0.3196485759141108,HANGING PHOTO CLIP ROPE LADDER,2858.13
85199S,-1.5242569110609394,0.4496767488718603,101,-1.5728802520707748,0.2427456352994105,SMALL HANGING IVORY/RED WOOD BIRD,2855.4499999999935
22155,-3.1072105396616165,0.8112068931347582,61,-2.401266162988577,0.5105742220934844,STAR DECORATION RUSTIC,2855.2199999999975
22101,-2.0584624927512007,0.3242491141520641,63,-2.0107608540885145,0.14286211277141758,MIRROR MOSAIC VOTIVE HOLDER,2847.279999999998
51014C,-2.496686446918396,0.3558884990811711,84,-2.367577163599852,0.167213187672006,"FEATHER PEN,COAL BLACK",2845.7799999999984
22217,-1.6085087172035768,0.5647839897204678,82,-1.6474850903158897,0.3358471023479733,T-LIGHT HOLDER HANGING LACE,2844.850000000001
21508,-1.8537837517281626,0.4319335431797213,102,-1.824288587309458,0.22825344584540552,VINTAGE KID DOLLY CARD,2844.159999999982
21683,-0.8495225406623126,0.9533158318956314,75,-1.3660468066213782,0.5902863964298428,MEDIUM MEDINA STAMPED METAL BOWL,2837.13
22315,-1.8063247489468952,0.6315838045101753,94,-1.774650637798883,0.3873935114045839,200 RED + WHITE BENDY STRAWS,2830.7700000000004
22161,-0.8230383782868955,0.24192489451080582,91,-0.8995827498592841,0.08490550389880536,HEART DECORATION RUSTIC HANGING,2825.759999999995
22081,-2.042311214303836,0.39495242163222993,91,-1.979314754730446,0.19825882577753628,RIBBON REEL FLORA + FAUNA,2823.659999999999
22650,-0.5291657472171754,0.4284748831921301,76,-0.7986481436218887,0.2254334091193102,CERAMIC PIRATE CHEST MONEY BANK,2821.220000000001
21360,-1.5929629472291982,0.25573160072411594,46,-1.6053250089300053,0.09393685958796405,JOY LARGE WOOD LETTERS,2820.2599999999975
84519A,-0.7084048230024277,0.2846067135774077,86,-0.8240408792453482,0.11379733984570761,TOMATO CHARLIE+LOLA COASTER SET,2815.0100000000025
22597,-2.6251525199522154,0.2706739588258995,53,-2.531437748855897,0.10405932045687427,MUSICAL ZINC HEART DECORATION,2811.8300000000017
84754,-3.568902907615679,0.6877793881237738,48,-2.7785277017818553,0.4285408820585621,S/15 SILVER GLASS BAUBLES IN BAG,2810.9500000000016
22651,-0.13407338183776413,0.5113466128459934,61,-0.6001560310529945,0.29304356965948675,GENTLEMAN SHIRT REPAIR KIT,2809.8400000000024
22525,-0.1752313802509492,0.46227526528794,55,-0.5672864742430288,0.2530479469502269,CHILDRENS GARDEN GLOVES PINK,2807.410000000001
21188,-1.1701913387168819,0.4815048476544071,67,-1.319185527642611,0.2687624504389121,3D HEARTS  HONEYCOMB PAPER GARLAND,2806.8000000000015
21744,-2.5929418559041078,0.3114848075359726,43,-2.477182016825406,0.13330563045541743,SNOWFLAKE PORTABLE TABLE LIGHT,2806.350000000002
85183B,-1.7277504194907172,0.239474676356803,70,-1.7274847594755858,0.08333696644617561,CHARLIE & LOLA WASTEPAPER BIN FLORA,2799.2599999999998
85015,-2.1033313050157045,0.3054258136749996,84,-2.0545339343680427,0.12883159282744427,SET OF 12  VINTAGE POSTCARD SET,2789.189999999995
22675,-1.8837466804789653,0.615419874559823,65,-1.8240268419788004,0.3751622190150806,FRENCH KITCHEN SIGN BLUE METAL,2778.780000000001
72800E,-1.9033551277834162,0.3617532750585324,85,-1.8726358957957543,0.17181500226520308,4 IVORY DINNER CANDLES SILVER FLOCK,2772.3999999999996
22416,-0.8345015606985591,0.626946062981455,71,-1.176197092002787,0.38390121746437567,36 DOILIES SPACEBOY DESIGN,2769.240000000003
22231,-1.3576049211471557,0.27154014215034933,88,-1.396009458412327,0.10465657341778856,JIGSAW TREE WITH BIRDHOUSE,2759.4700000000034
85035C,-2.152753879357288,0.39217905356396116,63,-2.0688163472635153,0.19602813893193083,ROSE 3 WICK MORRIS BOX CANDLE,2759.289999999999
21224,0.21715190985461422,0.8077876640931256,94,-0.7701381750693596,0.5084630415260587,SET/4 SKULL BADGES,2756.949999999994
15058C,-1.5990688295777995,0.2830189211929894,51,-1.6132086963617895,0.1126738197630649,ICE CREAM DESIGN GARDEN PARASOL,2753.7199999999993
21818,-3.384631507231438,0.28293659581329555,63,-3.197681755297885,0.11261566036867776,GLITTER HEART DECORATION,2751.290000000001
21788,-2.1736653007872837,0.7181139804528643,79,-1.9716597732707604,0.449798107168494,KIDS RAIN MAC BLUE,2749.740000000003
22066,-1.7541149623078125,0.27345875765302335,86,-1.7509829053201376,0.1059834409494046,LOVE HEART TRINKET POT,2745.5500000000047
22376,-0.6880710095213463,0.4422978942626795,79,-0.9334238978131102,0.2367147804017703,AIRLINE BAG VINTAGE JET SET WHITE,2744.570000000003
22436,-4.864802335007821,0.5595180379786827,80,-3.8232442070256076,0.33168109080022634,12 COLOURED PARTY BALLOONS,2739.0499999999997
22524,-1.2318091008383873,0.7775262845173445,59,-1.4729501457940222,0.48937455873730584,CHILDRENS GARDEN GLOVES BLUE,2736.1999999999994
22495,-0.836263194182151,1.0978543614828,71,-1.4193811568231,0.656443011993472,SET OF 2 ROUND TINS CAMEMBERT,2735.4399999999987
21096,-2.5819984355786887,0.48495934633378324,53,-2.349134645111725,0.27158160552982946,SET/6 FRUIT SALAD  PAPER PLATES,2715.959999999997
22479,-1.2369423653855072,0.672792004157116,71,-1.4406630659450603,0.4177855431377927,DAISY GARDEN MARKER,2714.9600000000014
22500,-1.2433215920719676,0.7876006349151525,82,-1.4819256711125233,0.4958099083955958,SET OF 2 TINS JARDIN DE PROVENCE,2700.5599999999986
72799E,-3.222011542910592,0.9821253985313798,64,-2.316644714262411,0.6046061577482301,IVORY PILLAR CANDLE SILVER FLOCK,2699.2199999999993
22094,-1.7906020358051185,0.17193372228072237,93,-1.787645765602257,0.04476525095634831,RED RETROSPOT TISSUE BOX,2698.520000000002
22152,-1.684843131083898,0.3458429055705855,74,-1.691174023383296,0.159390001161677,PLACE SETTING WHITE STAR,2698.4399999999946
22028,-1.2986265393276657,0.34392003497161383,95,-1.365882536570117,0.15790161342657116,PENNY FARTHING BIRTHDAY CARD,2693.729999999985
22713,-2.242064247696725,0.5600380979420104,79,-2.0702055335605465,0.33209310079735954,CARD I LOVE LONDON,2690.92999999999
21204,-1.966814237118896,0.3591069485975769,85,-1.9256955265529263,0.16973555908156113,DAISIES  HONEYCOMB GARLAND,2686.3500000000026
21742,2.6088315985556005,0.263097076697594,83,2.180332243687736,0.09888307674032037,LARGE ROUND WICKER PLATTER,2683.8000000000025
22471,-0.9815112150654791,0.4144697621623225,62,-1.140553937447542,0.21403999428777265,TV DINNER TRAY AIR HOSTESS,2683.259999999998
22758,-1.426569254012475,1.1059544836047377,63,-1.6231707007377791,0.6597510451559143,LARGE PURPLE BABUSHKA NOTEBOOK,2677.180000000001
85049F,-2.3742537495641343,1.018528942026918,85,-1.9702313735794725,0.6218684063432144,BABY BOOM RIBBONS,2671.5
22270,-0.3468668103036968,0.9984257278001826,51,-1.1906346693606396,0.6124485840183411,HAPPY EASTER HANGING DECORATION,2664.9199999999996
22190,-1.1639133155623813,0.8874842026146683,78,-1.4752321608733725,0.5552826565410269,LOCAL CAFE MUG,2660.3099999999995
21897,-2.090007036543789,0.5617509477693607,41,-1.9681498977334329,0.33344919060724687,POTTING SHED CANDLE CITRONELLA,2659.0600000000013
21422,-2.1914170056997633,0.6085470374831122,72,-2.018722004674453,0.3699119320286488,PORCELAIN ROSE SMALL,2655.719999999998
22439,-2.7795782470604475,0.5961681333322028,83,-2.399367438086527,0.360384060493948,6 ROCKET BALLOONS,2655.539999999998
85034B,-2.0967693870608706,0.26393451383858385,43,-2.0597531040352752,0.09945086473480513,3 WHITE CHOC MORRIS BOXED CANDLES,2645.639999999999
84849D,-1.7430110731068145,1.1220870785438695,86,-1.7307203139148568,0.6662223279452046,HOT BATHS SOAP HOLDER,2645.3100000000086
85034C,-1.9168324776005072,0.31339183193513775,54,-1.890929434958745,0.13472233988637172,3 ROSE MORRIS BOXED CANDLES,2643.1199999999994
84012,-2.0556326950721773,0.39113961062515373,60,-1.9910101513538732,0.1951929580887014,MAGIC SHEEP WOOL GROWING FROM PAPER,2638.6299999999974
82597,-1.1001022622834835,1.9701620009769458,46,-1.637266603344073,0.8602056458690862,BOMBS AWAY METAL SIGN,2624.259999999998
47585A,-1.6702334287362266,0.19675353096461515,60,-1.6733748093533167,0.05782120967724391,PINK FAIRY CAKE CUSHION COVER,2620.3800000000037
21215,-1.2002332059057348,0.4060564418796936,97,-1.3088852676140406,0.20722098550649182,IVORY PAPER CUP CAKE CASES,2607.3000000000006
21171,-1.192406024107934,0.5860453150672489,73,-1.3800057259267369,0.35252723882397563,BATHROOM METAL SIGN,2601.9300000000007
85035B,-2.054774035291273,0.48652373224522993,52,-1.9646733077574505,0.2728577158495856,CHOCOLATE 3 WICK MORRIS BOX CANDLE,2598.7599999999998
21288,-0.9271571662963282,0.767537679456719,84,-1.312235970104337,0.48291467432022617,STRIPEY CHOCOLATE NESTING BOXES,2595.8400000000006
21642,-1.9791286189976405,0.5120626313373003,74,-1.9043820187595966,0.2936236807041819,ASSORTED TUTTI FRUTTI PEN,2588.0600000000027
21262,-1.176353645390972,0.2697949632657251,48,-1.2330682628829752,0.1034543727425854,WHITE GOOSE FEATHER CHRISTMAS TREE,2583.069999999998
21653,-2.6364699985038023,0.47434153630557735,40,-2.396718601080564,0.2629120104551991,GLASS ETCHED T-LIGHT HOLDER LARGE,2576.169999999998
22342,-1.8461116132420363,0.2781970386499407,92,-1.8328283516069206,0.10928320572127592,HOME GARLAND PAINTED ZINC,2572.5799999999977
20960,-2.61584117576267,0.8871919605658174,56,-2.1210746427276073,0.5551199902523243,WATERMELON BATH SPONGE,2570.9200000000023
20668,-1.934865752407539,0.3739668269718214,74,-1.8967017081571598,0.1814716078273595,DISCO BALL CHRISTMAS DECORATION,2570.810000000009
22829,-0.7804617814180617,1.0882352328706701,44,-1.3964524144047936,0.6524627411408159,BROCANTE SHELF WITH HOOKS,2568.070000000001
22153,-2.1913382898310547,1.2444969161386064,58,-1.8596541973873006,0.7105856771818719,ANGEL DECORATION STARS ON DRESS,2565.0699999999983
82567,-0.41294876319942275,0.4340662585849151,100,-0.7146112496867476,0.2299933633036323,"AIRLINE LOUNGE,METAL SIGN",2559.9300000000076
21680,-1.822895217702097,0.4851673661009591,77,-1.7961732100778542,0.27175131358756077,WOODLAND  STICKERS,2554.1500000000046
21792,-2.5876786107063356,0.7363612803393361,58,-2.188706133862845,0.4622466616225487,CLASSIC FRENCH STYLE BASKET GREEN,2551.6999999999975
21898,-0.6289044091904514,3.9565210206716834,43,-1.6821219565534724,0.9612646712201002,POTTING SHED ROSE CANDLE,2544.7100000000014
22742,-1.9199691635483485,0.610484673650876,51,-1.8473961477483396,0.37139504785372224,MAKE YOUR OWN PLAYTIME CARD KIT,2526.270000000001
21431,-1.9032713363732245,0.8133256290853488,45,-1.8117943252040527,0.5118777773509972,GREEN GINGHAM FLOWER JEWELLERY BOX,2519.6100000000006
85054,-1.5938345083790353,0.29342449406724197,86,-1.6095346965459738,0.12009800934103143,FRENCH ENAMEL POT W LID,2518.629999999998
22911,-2.1392190298713456,0.38712851412771665,55,-2.059615484211169,0.19197472238690994,PAPER CHAIN KIT LONDON,2516.3
22091,-1.7557624805102208,0.2281325139180757,87,-1.7533845157231218,0.07621720552813627,EMPIRE TISSUE BOX,2515.29
21616,-1.8199326357047738,0.7165805403678427,60,-1.777136276047243,0.4487402832831492,4 PEAR BOTANICAL DINNER CANDLES,2503.5799999999995
21462,-1.2754070962145045,0.7522542655105843,79,-1.4878029043128524,0.4728780749712065,"NURSERY A,B,C PAINTED LETTERS",2499.66
22789,-2.109042191821029,0.8553983360727058,53,-1.9025651625300346,0.5370299340852708,T-LIGHT HOLDER SWEETHEART HANGING,2498.159999999999
22676,-1.7545828559724095,0.555964101446491,68,-1.7447103408007814,0.32886221130716675,FRENCH BLUE METAL DOOR SIGN 1,2491.2700000000023
84509B,-1.6887353060391381,0.39737104961248654,78,-1.69590818303419,0.20020684055498505,SET OF 4 FAIRY CAKE PLACEMATS,2486.5399999999972
21809,-2.0009810319868335,0.39704590834089615,44,-1.9457126046211315,0.19994482503907518,CHRISTMAS HANGING TREE WITH BELL,2484.6399999999985
85116,-0.5940599301944924,0.7185403165258429,72,-1.1028900299118376,0.450091889275928,BLACK CANDELABRA T-LIGHT HOLDER,2480.9000000000015
21823,-1.6112840610872734,0.5883004673308913,46,-1.651416679963363,0.35428251190855997,PAINTED METAL HEART WITH HOLLY BELL,2480.3300000000027
22306,-0.9207942185660407,0.7915772026434101,40,-1.321334485190083,0.49832794719978424,SILVER MUG BONE CHINA TREE OF LIFE,2474.7899999999977
22362,-1.1226139568575277,0.3082323798133062,82,-1.2014083142368697,0.13089879554532635,GLASS JAR PEACOCK BATH SALTS,2472.4799999999977
22852,-0.1632284451217107,0.9039088317142137,55,-1.0443207522921183,0.5643201250743284,DOG BOWL VINTAGE CREAM,2467.1099999999997
21789,-1.018782210802142,0.7480914857772277,78,-1.3505784441717805,0.4701125455569567,KIDS RAIN MAC PINK,2464.190000000002
22540,-2.3845899766960237,0.5840211402317925,68,-2.152953789716809,0.3509493826996716,MINI JIGSAW CIRCUS PARADE,2464.0899999999947
85036A,-1.7097854813957563,0.45567374297382157,80,-1.7134450340375544,0.24764930551201925,GARDENIA 1 WICK MORRIS BOXED CANDLE,2463.96
21106,-1.9297647824803064,0.4131352167748934,73,-1.8860655689142016,0.21295690519269017,CREAM SLICE FLANNEL CHOCOLATE SPOT,2455.090000000002
21747,-2.139359636239026,0.8523965688839509,65,-1.9173265023067125,0.5352814389426004,SMALL SKULL WINDMILL,2453.6000000000004
21873,-1.3561578035588495,0.3809123867194101,81,-1.4250505277633867,0.18700276899241253,IF YOU CAN'T STAND THE HEAT MUG,2448.3699999999994
21274,-0.7380660420659761,0.6294654719101758,42,-1.1186565333459135,0.3858001058873325,EMBOSSED HEART 3 DRAWER SHELF,2446.189999999999
84795B,-1.6267904105893647,0.51680341811028,46,-1.6558738323525535,0.29746097074562683,SUNSET CHECK HAMMOCK,2442.690000000002
22448,-1.472485767136836,0.3516157501623547,53,-1.5137951765576543,0.16387623835608223,PIN CUSHION BABUSHKA RED,2440.1299999999965
22537,-2.288726223260436,0.6614162149754532,83,-2.0576935546420736,0.4095136140870149,MAGIC DRAWING SLATE DINOSAUR,2439.4199999999964
22609,-1.5531607122292495,0.31359752556900855,63,-1.5762786132674202,0.13487538658259435,PENS ASSORTED SPACEBALL,2438.180000000002
22973,-1.9043810926469225,0.5449653089223346,47,-1.8468206772579605,0.32010293712156757,CHILDREN'S CIRCUS PARADE MUG,2433.4299999999994
22613,-1.7766651166109937,0.5541994879557932,73,-1.75960361574939,0.32746044738650404,PACK OF 20 SPACEBOY NAPKINS,2432.47
85035A,-1.9458790436726894,0.20384471691932,67,-1.9322012568371134,0.06180195639721908,GARDENIA 3 WICK MORRIS BOXED CANDLE,2429.8100000000004
21973,-1.6813561560360533,0.6319223364154593,69,-1.6981050574114807,0.3876478829675015,SET OF 36 MUSHROOM PAPER DOILIES,2428.7300000000027
22566,-1.3476112586720068,0.8588053621589192,78,-1.550790302762862,0.539005970207231,FELTCRAFT HAIRBAND PINK AND PURPLE,2427.2499999999995
35001G,-1.690279813498539,0.595112336184989,55,-1.702606796157989,0.3595672974780939,HAND OPEN SHAPE GOLD,2414.6000000000004
22321,-2.365666592179046,0.387430295347297,95,-2.2424357772029353,0.1922165886330618,BIRD DECORATION RED RETROSPOT,2413.6200000000085
21741,-2.296823469915812,0.3529594897242583,62,-2.202443806844868,0.16492420563272325,COSY SLIPPER SHOES LARGE GREEN,2411.7700000000004
85034A,-1.8723271518581048,0.3443353815380883,56,-1.848947428952349,0.1582228529765266,3 GARDENIA MORRIS BOXED CANDLES,2411.0700000000006
21187,-2.314402514640128,0.5342578430390406,58,-2.1306509393855944,0.3115278953178574,WHITE BELL HONEYCOMB PAPER GARLAND,2409.319999999999
10133,-2.7426918365866286,0.4148200305890282,73,-2.5244819593612204,0.21432434860924,COLOURING PENCILS BROWN TUBE,2407.5900000000033
85059,-1.5435312466402236,0.21559300116328048,85,-1.5559550671493865,0.06862798985348051,FRENCH ENAMEL WATER BASIN,2403.6399999999994
21696,-3.165550172501735,0.3457078096874123,58,-2.936021994484279,0.15928533215430718,SMALL SILVER TRELLIS CANDLEPOT,2398.6500000000015
22421,-1.515737055904382,0.47935852857853156,80,-1.5714955953541752,0.26701009911406326,LIPSTICK PEN FUSCHIA,2398.209999999993
22453,-1.9443574039797984,0.37893232097669693,48,-1.9036023517668814,0.1854232155376193,MEASURING TAPE BABUSHKA BLUE,2396.170000000001
22246,-1.448788339564829,0.36922390676881334,73,-1.4977963338542362,0.17771052094527573,"GARLAND, MAGIC GARDEN 1.8M",2389.0800000000067
84818,-1.278290524983843,0.34472319036895094,77,-1.349034884660151,0.15852292260103007,DANISH ROSE PHOTO FRAME,2385.589999999998
21826,1.1126812425854515,0.8314833505044953,61,-0.37092445255546114,0.5229038311236743,EIGHT PIECE DINOSAUR SET,2383.2400000000016
21824,-1.6394705968530232,0.7739879028902183,40,-1.680918523708378,0.48709522249554926,PAINTED METAL STAR WITH HOLLY BELLS,2382.3799999999974
21615,-2.3097331665914265,0.2791113685838147,50,-2.2454090924005663,0.10992363948565576,4 LAVENDER BOTANICAL DINNER CANDLES,2377.42
22642,-1.3787105560346498,0.37867340395919435,43,-1.4427681811353006,0.1852168264632046,SET OF 4 NAPKIN CHARMS STARS,2376.519999999999
21126,-2.1856308656548857,0.4471911781745392,90,-2.07464542856955,0.240713695929894,SET OF 6 GIRLS CELEBRATION CANDLES,2372.9800000000005
21468,-1.3152694261224327,0.3803798692285448,72,-1.3916344364072084,0.1865777589633969,BUTTERFLY CROCHET FOOD COVER,2372.6399999999994
85172,-0.6094452462560701,0.4479984829645742,70,-0.8786051694269615,0.2413736213731228,HYACINTH BULB T-LIGHT CANDLES,2361.9200000000023
84459B,-1.9746597911138208,0.48060077460196465,53,-1.9076276535315777,0.2680243930202544,YELLOW METAL CHICKEN HEART,2358.569999999999
21947,-1.379587985847323,0.4584457973970416,90,-1.4658027622180625,0.24991626416834611,SET OF 6 HEART CHOPSTICKS,2351.590000000002
21708,-2.135596418412451,0.4060129567742583,61,-2.0504360559239694,0.20718579982085794,FOLDING UMBRELLA CREAM POLKADOT,2351.329999999998
84536A,-2.0298068601820116,0.49612156745781083,102,-1.9441315275811297,0.2806779832530998,ENGLISH ROSE NOTEBOOK A7 SIZE,2349.5799999999986
85107,-1.8611708256912987,0.4486222617061474,43,-1.8281275519465316,0.24188355304947995,CUT GLASS T-LIGHT HOLDER OCTAGON,2346.19
85199L,-1.5891536228949987,0.555973004497001,91,-1.6336854883094138,0.32886928012274386,LARGE HANGING IVORY & RED WOOD BIRD,2344.1499999999983
85114A,-1.3467365637392943,0.5914186689131655,55,-1.481508977265881,0.3567049036718205,BLACK ENCHANTED FOREST PLACEMAT,2341.84
22251,-2.326679919420438,0.34397817478495657,82,-2.231577559138427,0.15794657164322123,BIRDHOUSE DECORATION MAGIC GARDEN,2340.1500000000015
16237,-1.5556179993847468,0.4149032427526059,103,-1.5918383626654375,0.21439190681534082,SLEEPING CAT ERASERS,2337.6600000000026
85114C,-0.5925852029563967,0.9386846838598386,63,-1.2522845408933878,0.5827848836436891,RED ENCHANTED FOREST PLACEMAT,2335.780000000002
22409,-1.8459025833652867,0.5119546890464022,65,-1.8102849126162845,0.29353623595516043,MONEY BOX BISCUITS DESIGN,2335.4800000000005
85176,-1.6516189893605593,0.43983949140422557,92,-1.6687393417571579,0.23470655291232267,SEWING SUSAN 21 NEEDLE SET,2331.380000000005
21651,-3.6022316923269457,0.4623737760671644,48,-3.1269401320984045,0.25312850483750626,HANGING GLASS ETCHED TEALIGHT,2327.5300000000007
21819,-3.632181435853428,0.6564585753385795,43,-2.8579171688268055,0.40587997351187444,GLITTER CHRISTMAS STAR,2323.9200000000014
22539,-2.0013293670939554,0.4750103624123861,76,-1.9284128254690303,0.26345847978005776,MINI JIGSAW DOLLY GIRL,2314.4999999999964
22363,-1.4774540119365287,0.309653239996245,75,-1.5100596943353222,0.13194878252619768,GLASS JAR MARMALADE,2312.2499999999986
22831,-2.963752213626387,0.40035863963797397,46,-2.712672131787665,0.2026163605920851,WHITE BROCANTE SOAP DISH,2309.9000000000015
20658,-1.2485275550655999,0.3155959472695519,87,-1.3134419413927665,0.13636471053299137,RED SPOTTY LUGGAGE TAG,2308.9300000000003
22133,-1.7078108411229334,0.38853794403713354,97,-1.7110456918701684,0.19310469887894743,PINK LOVE HEART SHAPE CUP,2304.110000000006
17091J,-1.0017605805793492,0.2513433196156805,80,-1.0675584197431227,0.09103161572666463,VANILLA INCENSE IN TIN,2297.9900000000016
22336,-2.5954351405857583,0.5372621718693381,58,-2.3220348301782847,0.31393838901344195,DOVE DECORATION PAINTED ZINC,2296.6499999999974
22163,-2.8517548670068655,0.4281684744758235,64,-2.5979295717625335,0.2251836809883042,HEART STRING MEMO HOLDER HANGING,2294.860000000003
22024,-1.4804298736575592,0.324192521130882,95,-1.5152967612284156,0.14281936971320242,RAINY LADIES BIRTHDAY CARD,2294.829999999989
21638,-1.0820999935519793,0.7725145055134558,62,-1.3944288241440237,0.4861431760291556,ASSORTED TUTTI FRUTTI NOTEBOOK,2294.51
22948,-0.6464409664244841,0.3082428570625761,55,-0.7875741329995171,0.13090652962303484,METAL DECORATION NAUGHTY CHILDREN,2294.4700000000025
84913A,-2.1084930317086648,0.29036859646221685,75,-2.063226526998423,0.11790289460266956,SOFT PINK ROSE TOWEL,2287.259999999994
85183A,-2.4585416314390343,0.3763194645162848,65,-2.323972353611434,0.18334213796756926,CHARLIE & LOLA WASTEPAPER BIN BLUE,2275.75
21710,-1.852627865940669,0.6071909597365243,57,-1.80538811163001,0.36887260637811936,FOLDING UMBRELLA  PINK/WHITE  SPOT,2270.2
21125,-1.6877594100383804,0.9052871771817533,80,-1.708555781726154,0.565069225632592,SET 6 FOOTBALL CELEBRATION CANDLES,2270.1400000000003
51014L,-1.5624301595255694,0.41472562739689595,79,-1.5971666713280552,0.21424770698406181,"FEATHER PEN,LIGHT PINK",2263.149999999999
20931,-0.8066865309078288,0.4325109648461906,72,-1.0166272372445364,0.22872444837455663,BLUE POT PLANT CANDLE,2260.9300000000007
22716,-1.6387345050728772,0.5900451626797704,77,-1.6692582982632214,0.35563855401409916,CARD CIRCUS PARADE,2259.73999999999
21476,0.7599022947360027,0.3414163797066932,41,0.37240459415471383,0.15596827124850798,STEEL SWEETHEART ROUND TABLE CREAM,2249.4100000000017
22286,-0.22935975141809833,0.3506481688219174,53,-0.4732609623541997,0.16312248530144036,"DECORATION , WOBBLY RABBIT , METAL",2245.2999999999965
21398,-1.6058913442326532,0.32040814155473596,49,-1.6225015844766575,0.13996847659099354,RED  SPOTTY COFFEE  MUG,2242.4099999999985
22920,-1.213116279893426,0.7226138211826142,49,-1.4447461633859986,0.4528918423032118,HERB MARKER BASIL,2237.460000000003
21620,-2.3089463393118264,0.300476349623173,67,-2.2357765163698073,0.1252085279138061,SET OF 4 ROSE BOTANICAL CANDLES,2236.73
22074,-2.3778970344108203,0.4156303560952094,85,-2.237441692468849,0.2149823165219672,6 RIBBONS SHIMMERING PINKS,2231.1900000000005
22514,-1.085307491668624,0.7546132628396828,70,-1.388595209581629,0.4744392274617124,CHILDS GARDEN SPADE BLUE,2228.1199999999926
22069,-0.2249286007377027,0.32211891616673755,86,-0.43676008948015954,0.1412554552899421,BROWN  PIRATE TREASURE CHEST,2225.0800000000017
20770,-2.77055536048468,1.5725714857491617,76,-1.937145816798856,0.7967641896547447,ABSTRACT CIRCLE JOURNAL,2218.3600000000006
17084R,-2.2150378984304435,2.1925152947484174,46,-1.7814577954124666,0.8839999450574286,ASSORTED INCENSE PACK,2213.9699999999966
22853,-1.8269218622298473,1.2176777202641886,53,-1.7551124171603654,0.7015434692066029,CAT BOWL VINTAGE CREAM,2208.82
21617,-2.149789570349191,0.43234354282153953,69,-2.0525878488086664,0.2285878767587789,4 LILY  BOTANICAL DINNER CANDLES,2202.51
21774,-1.7972050991083244,0.47212387714227555,100,-1.77823816857958,0.26109977986083155,DECORATIVE CATS BATHROOM BOTTLE,2201.260000000002
85039B,-2.0369217812368525,0.3529312203639594,78,-1.9854130886736439,0.1649021446176705,S/4 IVORY MINI ROSE CANDLE IN BOWL,2200.050000000008
22182,-1.4267428585009125,0.37343150843377587,68,-1.4806620676954787,0.18104643430036482,CAKE STAND VICTORIAN FILIGREE SMALL,2200.0300000000034
22338,-2.1221715763392823,0.40843308391531347,50,-2.0390136572244613,0.2091449943816126,STAR DECORATION PAINTED ZINC,2198.1100000000024
21195,-0.4622401074655411,0.5200664156044837,57,-0.8410608988875066,0.3000982571190872,PINK  HONEYCOMB PAPER BALL,2194.2000000000016
21611,1.2678529747039757,26.454344513791874,45,-1.721867830190181,0.9990994539374523,SET OF 12 LILY BOTANICAL T-LIGHTS,2193.990000000002
21291,-2.8796002042325752,0.7538216215887049,71,-2.3322096318777565,0.47391581754066514,SMALL SPOTTY CHOCOLATE GIFT BAG,2184.909999999998
21359,-0.948647379228525,0.31303212476567727,48,-1.052972918360456,0.13445481051422203,RELAX LARGE WOOD LETTERS,2182.380000000002
22913,-1.2873168433218285,0.7487882144177205,44,-1.4930743788944325,0.47057636217756693,RED COAT RACK PARIS FASHION,2179.3899999999994
22714,-1.7129035315233438,0.4911760872458751,77,-1.7161290288969175,0.2766504706312938,CARD BIRTHDAY COWBOY,2174.7299999999914
85103,-1.5499798186987117,0.5002543299268633,46,-1.5995683021644718,0.2840398819450143,SILVER T-LIGHT SETTING,2166.9300000000007
85216,-0.3170896691406778,0.22631372101013683,54,-0.4227876009789915,0.07509766379552585,ASSORTED CAKES FRIDGE MAGNETS,2165.9199999999983
21421,-2.3157901074053377,0.509114032314461,47,-2.143604646669802,0.29123386467916923,PORCELAIN ROSE LARGE,2163.23
21643,-1.3025451064225149,0.4081210479112514,76,-1.3907013106079977,0.2088922794174075,ASSORTED TUTTI FRUTTI MIRROR,2161.81
22515,-0.7120130737603718,0.5501865165800153,67,-1.0403500150187996,0.32426752502887435,CHILDS GARDEN SPADE PINK,2161.2799999999957
20764,-1.4305897801282788,0.3234704572864033,77,-1.472414561939884,0.14227429727164043,ABSTRACT CIRCLES SKETCHBOOK,2161.01
21905,-1.9923308561997088,0.40713658974647615,88,-1.9366095792382767,0.2080951854405605,MORE BUTTER METAL SIGN,2159.9700000000003
22677,-1.0614986299793971,0.4156121311647452,63,-1.2040358529655795,0.2149675162580228,"FRENCH BLUE METAL DOOR SIGN, 2",2158.090000000003
22695,-1.8841740035882366,0.6234394450999697,52,-1.8233219371124392,0.3812514626469081,WICKER WREATH SMALL,2147.3200000000015
84670,-1.7169703125558544,1.35457985059506,45,-1.7226202846590568,0.7441688229082166,JAPANESE CROCHETED ANIMAL,2140.0599999999977
22023,-2.484849925652134,0.43762054073541057,100,-2.3077831852446007,0.2328945167837866,EMPIRE BIRTHDAY CARD,2136.459999999989
21070,-1.4371513194829304,0.37735918025294996,92,-1.4900838026693235,0.18416979333475525,VINTAGE BILLBOARD MUG,2124.750000000001
72799F,-2.9687095361105946,0.5243082317448962,45,-2.5910839690848366,0.30352168838473825,IVORY PILLAR CANDLE GOLD FLOCK,2116.010000000002
22308,-0.23590130711814483,0.4260886813529076,87,-0.5686008793258894,0.22348909402133932,TEA COSY BLUE STRIPE,2115.4099999999976
21865,-1.1937017950416324,0.4334715082235811,93,-1.3155386484611542,0.22950808101509546,PINK UNION JACK  PASSPORT COVER,2115.0599999999986
22279,-1.7644209271058695,0.35365133183132363,73,-1.7578258033850374,0.16546429654727468,POCKET BAG BLUE PAISLEY RED SPOT,2114.6200000000013
21803,-3.2302139901335334,1.2457014666776403,59,-2.159720831400887,0.7109834274850413,CHRISTMAS TREE STAR DECORATION,2105.2199999999966
22996,0.34745341653687795,0.37210609217750534,43,-0.025497986528645766,0.179994456219139,TRAVEL CARD WALLET VINTAGE TICKET,2099.9699999999975
21619,-2.5837746220559015,0.3911614738047455,57,-2.4160474039729265,0.19521051993180372,4 VANILLA BOTANICAL CANDLES,2092.8899999999994
21640,-0.5851175149101198,0.6081999565760481,77,-1.0063088784597327,0.3696460276217646,ASSORTED TUTTI FRUTTI  FOB NOTEBOOK,2088.420000000002
85049H,-2.1573405986380885,0.40004353075468685,87,-2.069762759930182,0.2023620579870915,URBAN BLACK RIBBONS,2080.9399999999987
21657,-0.9041402548973212,0.3409992873527726,54,-1.0318362940528334,0.15564670313816786,MILK BOTTLE WITH GLASS STOPPER,2079.110000000001
21058,-2.048248248274472,0.39943970644885524,90,-1.9829042610899368,0.2018748599520992,PARTY INVITES WOODLAND,2078.500000000003
84990,-4.208296699402471,1.2592047195577392,45,-2.431447994238126,0.7153941047807011,60 GOLD AND SILVER FAIRY CAKE CASES,2077.59
22928,0.0329582868609296,0.6284165194684387,41,-0.6437048542281885,0.3850100055177387,YELLOW GIANT GARDEN THERMOMETER,2077.0200000000023
84796A,-1.915538962418721,0.6366943147240476,44,-1.8408241522157103,0.3912255120789555,PINK HAWAIIAN PICNIC HAMPER FOR 2,2072.95
22400,-1.8710542387941493,0.35254568843310835,70,-1.8469415249079877,0.1646013409836704,MAGNETS PACK OF 4 HOME SWEET HOME,2072.2900000000045
21356,-1.5409014980878077,0.40126712094242467,86,-1.5782489440478957,0.20334974464051314,TOAST ITS - FAIRY FLOWER,2071.799999999999
21200,-2.222438429699243,0.3924362733112256,68,-2.124737830407156,0.19623488624571528,MULTICOLOUR HONEYCOMB PAPER GARLAND,2071.7599999999998
21802,-3.7812170567142664,1.1105234917532933,64,-2.420535407909581,0.6615995553817182,CHRISTMAS TREE HEART DECORATION,2070.5199999999973
20686,-0.7132628291484139,0.45538420399907714,80,-0.9634710722267058,0.24741252872496555,DOLLY MIXTURE CHILDREN'S UMBRELLA,2069.1900000000005
37476,-0.9408625307351628,0.4648249748822804,42,-1.1408102172687782,0.25513290684363377,CONDIMENT TRAY 4 BOWLS AND 4 SPOONS,2066.6400000000003
84459A,-1.4000327263008931,0.326656853422752,68,-1.446986865773078,0.1446835491517191,PINK METAL CHICKEN HEART,2066.320000000001
84509G,-1.6976261087387248,0.3720840953726976,69,-1.7024740646852472,0.17997700623087998,SET OF 4 FAIRY CAKE PLACEMATS,2060.449999999999
85016,-1.5418262734545791,0.6105637879655291,66,-1.6097047113709873,0.37145555553924337,SET OF 6 VINTAGE NOTELETS KIT,2056.1599999999967
22719,-0.5749606064619347,0.45508568236328245,51,-0.8591059102773512,0.24716840780463722,"GUMBALL COATHOOK., BLACK & WHITE",2056.100000000002
21504,-3.42252009503571,0.5913076222436296,91,-2.8169966641007527,0.3566187294791079,SKULLS GREETING CARD,2050.3799999999947
22201,-1.302033318449366,0.3024419983261649,65,-1.3555440857730376,0.12664391513495843,FRYING PAN BLUE POLKADOT,2047.119999999999
22261,-2.0767175001130442,0.5712828945867157,66,-1.9566432138545875,0.34097012216773104,FELT EGG COSY WHITE RABBIT,2041.1100000000022
84763,-2.1189634386146694,0.8396839031277544,67,-1.910799367911091,0.527798296887698,ZINC FINISH 15CM PLANTER POTS,2039.7899999999997
21348,-2.212799444319313,0.8577570598827976,45,-1.9499332700647032,0.538398930615922,PINK SPOTS CHOCOLATE NESTING BOXES,2039.6900000000035
21397,-1.1711487284739797,0.3106495087461435,55,-1.244579208441265,0.13268636488007057,BLUE  SPOTTY EGG CUP,2039.4600000000005
22068,-1.09221976188702,0.3549955158362038,94,-1.197514121943441,0.16651466156417583,BLACK PIRATE TREASURE CHEST,2039.3499999999979
22799,-1.6656658607942867,0.2266359259131581,43,-1.6701005253554986,0.07529553822681823,SWEETHEART WIRE FRUIT BOWL,2037.8400000000006
21630,-0.4057364971489023,0.27719271630924736,58,-0.5489360929632763,0.10858110204783555,FLOOR CUSHION ELEPHANT CARNIVAL,2037.6000000000015
22405,-1.5745366052074214,0.8107318249664351,67,-1.6510921066151465,0.5102814480645761,MONEY BOX POCKET MONEY DESIGN,2035.9000000000003
22211,-1.5146799348963245,0.3250265679561594,86,-1.5447875297651807,0.14344962392005778,WOOD STAMP SET FLOWERS,2033.8999999999992
21695,-2.2052496482820496,0.45254576634230076,59,-2.087437377029664,0.24509143954989798,SMALL SILVER FLOWER CANDLE POT,2022.9800000000016
79160,-1.6207110867856866,0.8017947512458258,71,-1.6731291623838913,0.5047404187991678,HEART SHAPE WIRELESS DOORBELL,2019.2699999999982
21389,-3.5079832833686506,0.43054676342125947,84,-3.1029283698360284,0.22712247648916128,IVORY HANGING DECORATION  BIRD,2013.960000000004
22520,-3.1751233306181237,1.2945774717800405,57,-2.121233529256974,0.7265396111542213,CHILDS GARDEN TROWEL BLUE,2012.130000000001
22496,-2.0431029828631386,0.7380605326408594,75,-1.8954936882691424,0.46339277616736085,SET OF 2 ROUND TINS DUTCH CHEESE,2010.840000000006
20703,-0.5985584933882148,1.406865088413055,49,-1.4524308532805086,0.7583207963842027,BLUE PADDED SOFT MOBILE,2010.47
22098,-1.6073931976353184,0.2369648140146527,91,-1.6169707804267428,0.08174130334732321,BOUDOIR SQUARE TISSUE BOX,2005.010000000001
22614,-0.09409355058075197,0.40341266007970766,74,-0.42847501160569745,0.20508298105495304,PACK OF 12 SPACEBOY TISSUES,2003.81
22521,-2.3725365710796513,1.5192158823391748,54,-1.8636463674882113,0.7853559809095628,CHILDS GARDEN TROWEL PINK,2002.300000000001
35971,-1.8239845038552625,0.3628842388040685,88,-1.8068138348623397,0.17270515791418595,ROSE FOLKART HEART DECORATIONS,2001.5200000000011
20846,-1.0868606260632871,0.48298451396746345,78,-1.2590211520216255,0.26997017832473336,ZINC HEART LATTICE T-LIGHT HOLDER,2000.73
22343,-1.283765033024097,0.42186054855126226,67,-1.3807611516847431,0.22004683669409297,PARTY PIZZA DISH RED RETROSPOT,1996.51
22438,-1.918079244098587,0.4576768987856114,61,-1.8698379808297452,0.24928746071565555,BALLOON ART MAKE YOUR OWN FLOWERS,1995.5100000000023
21629,-0.06486145607804616,0.29593601023457605,62,-0.26719730803860675,0.12191101273492311,SQUARE FLOOR CUSHION VINTAGE RED,1993.1700000000012
22559,-1.9772512054539415,0.3939884582457954,67,-1.927349481133107,0.19748311085264691,SEASIDE FLYING DISC,1990.6300000000012
22262,-2.461570497983441,0.3614044865371105,82,-2.3351436878948806,0.1715406537737595,FELT EGG COSY CHICKEN,1986.3600000000044
85231B,-2.185622700061661,0.6650656313451672,88,-1.995584189702747,0.4121773411208891,CINAMMON SET OF 9 T-LIGHTS,1979.9300000000026
22204,-0.9336543179599227,0.36289080132390006,66,-1.0702523515141718,0.17271032563874444,MILK PAN BLUE POLKADOT,1978.0399999999986
21692,-1.245524106631982,0.7406876613252478,48,-1.4683538122253226,0.46516029686180305,SILVER LATTICE VANILLA CANDLE POT,1970.3700000000003
21647,-1.7952572466836336,0.9918501967842479,49,-1.752182511037284,0.6093072247499758,ASSORTED TUTTI FRUTTI LARGE PURSE,1966.479999999999
21991,-2.0233372837011023,0.3494072296128384,76,-1.9748889304587631,0.16215684291197674,BOHEMIAN COLLAGE STATIONERY SET,1966.0700000000031
22753,-2.31395853781905,0.4227858480430269,64,-2.1838200310729596,0.22079981698146767,SMALL YELLOW BABUSHKA NOTEBOOK,1965.0000000000014
21082,-2.0269853408071166,0.5338034933773185,64,-1.9328825675539527,0.31116305908682684,SET/20 FRUIT SALAD PAPER NAPKINS,1963.8500000000024
85185B,-0.5030960070813265,0.7424719813062318,80,-1.072736385624518,0.4663577080124286,PINK HORSE SOCK PUPPET,1961.5100000000043
20984,-2.6598475707881084,0.26208091748227363,66,-2.5680067242606732,0.09819558012330232,12 PENCILS TALL TUBE POSY,1959.8400000000024
22210,-1.9994614752299211,0.4506958332299455,79,-1.9325019380864576,0.2435788302647578,WOOD STAMP SET BEST WISHES,1952.9999999999993
46775D,-0.40545125963763506,0.3656431728341878,53,-0.636137758611482,0.1748802282411338,SUNSET COLOUR CHUNKY KNITTED THROW,1949.2099999999996
22565,-2.592047247247743,0.6090654508785793,80,-2.2708099224985907,0.37030896160147075,FELTCRAFT HAIRBANDS PINK AND WHITE,1940.360000000006
21773,-2.246712293513318,0.3801755654019595,97,-2.1493759007331716,0.18641474107291678,DECORATIVE ROSE BATHROOM BOTTLE,1939.4900000000016
20684,-1.1453805076135815,0.8732816481246708,65,-1.462367711606841,0.5473014224802949,STRAWBERRY DREAM CHILDS UMBRELLA,1936.87
21581,-1.0699497606079933,0.488648830505415,70,-1.249700309499693,0.2745906092296213,SKULLS  DESIGN  COTTON TOTE BAG,1935.1700000000012
20716,-1.5661040230842909,0.48592284813625264,72,-1.6092630161763275,0.2723676023330238,PARTY FOOD SHOPPER BAG,1935.0599999999993
22513,-1.0667596825326136,0.5226535021116417,64,-1.2655391166608712,0.30218689713851987,DOORSTOP FOOTBALL DESIGN,1928.5699999999997
21983,-1.5273089116229195,0.43286119466959594,101,-1.572482018495628,0.22901015679879078,PACK OF 12 BLUE PAISLEY TISSUES,1925.5899999999997
21043,-2.090434104325833,0.3111042960839106,48,-2.041764625464962,0.1330234341254527,APRON MODERN VINTAGE COTTON,1924.930000000004
40001,-2.2042956988501268,0.4875208478025879,70,-2.073006723057424,0.2736708944738061,WHITE BAMBOO RIBS LAMPSHADE,1920.8800000000024
21445,-0.8885832948531089,0.6434040297394771,60,-1.2198236243645204,0.3962302802248874,12 PINK ROSE PEG PLACE SETTINGS,1912.2299999999998
22522,-3.5557890359857307,1.384757996586064,73,-2.1778498819907433,0.7524679393696743,CHILDS GARDEN FORK BLUE,1911.7600000000014
21677,-1.8743038930501144,0.4657156964000068,84,-1.8359909127581338,0.2558612210966047,HEARTS  STICKERS,1909.2100000000019
22587,-2.6908294475275087,0.7738701312619366,78,-2.220238972016861,0.4870191866374939,FELTCRAFT HAIRBAND RED AND BLUE,1909.0300000000043
84519B,-0.9257222573516024,0.26462140115365845,85,-1.0055403030951244,0.0999173898169281,CARROT CHARLIE+LOLA COASTER SET,1905.4699999999998
22678,-2.419392441886699,0.53393988477333,64,-2.2031109711108265,0.31127258741016306,FRENCH BLUE METAL DOOR SIGN 3,1896.8400000000013
85232A,-1.2205703352617188,0.37190323247176327,61,-1.311205054888433,0.17983353928719392,SET/3 POLKA DOT STACKING TINS,1894.8300000000008
21287,-1.9930366576886316,0.1868099343926462,56,-1.978962402534043,0.05242315508222162,SCENTED VELVET LOUNGE CANDLE,1893.7499999999973
22523,-1.5759012448142258,0.945162008168421,76,-1.6630354240391463,0.5861251343665834,CHILDS GARDEN FORK PINK,1891.600000000003
21894,-1.413808624532137,0.39833679771739855,85,-1.476265625872065,0.2009853407364267,POTTING SHED SEED ENVELOPES,1886.2200000000016
21547,-1.2565291498342848,0.6063590078537577,51,-1.4288751968021,0.36823443454275573,CERAMIC BIRDHOUSE CRESTED TIT SMALL,1877.980000000004
21841,-2.5201106962785653,21.576599100649627,54,-1.725639112434151,0.9986468772874607,BABY MOUSE RED GINGHAM DRESS,1874.4700000000003
21613,-1.888795134852586,0.6306628385214219,72,-1.8252862441478779,0.3867011220871268,S/12 VANILLA  BOTANICAL T-LIGHTS,1873.250000000003
21241,-2.376079893246907,0.8436213348244059,43,-2.030691340783097,0.5301295550270233,GREEN SPOTTY CUP,1871.6199999999972
22535,-2.348267702473145,0.7542429071028299,82,-2.0525102410228198,0.47419442046171223,MAGIC DRAWING SLATE BUNNIES,1869.2199999999973
20772,-2.2580694161912778,0.5060125224896973,65,-2.104036591245006,0.28871765331946275,GARDEN PATH JOURNAL,1866.499999999997
22686,-1.6061361451703868,0.4471066418389504,65,-1.6346348406225792,0.24064459481965084,FRENCH BLUE METAL DOOR SIGN No,1864.9100000000026
21394,-1.709926819938002,0.38796907998744995,45,-1.7127463885695822,0.19264851231136315,RED SPOTTY BEAKER,1864.6300000000003
70007,-1.0041055616905148,0.5789082230704774,51,-1.254071060729717,0.3469540478660156,HI TEC ALPINE HAND WARMER,1861.8199999999988
79302M,-2.171819284990096,0.4900174829783866,62,-2.048507820507534,0.2757062760091007,"ART LIGHTS,FUNK MONKEY",1860.6000000000004
21391,-1.6051116928874725,0.26570248727110607,73,-1.6171348034899953,0.10065312218510902,FRENCH EMROIDR LAVENDER SCENT HEART,1856.480000000002
22680,-1.7204963213805766,0.5516515256621608,65,-1.7218196390553366,0.3254339749946057,FRENCH BLUE METAL DOOR SIGN 5,1854.2000000000016
22586,-2.2827023642330637,0.786105053244714,76,-2.006501543464007,0.4948596344783853,FELTCRAFT HAIRBAND PINK AND BLUE,1852.3400000000042
22533,-3.6757293764642003,1.023952346765421,67,-2.4574936105394203,0.6243627169779822,MAGIC DRAWING SLATE BAKE A CAKE,1848.9599999999982
22317,-1.7323420729410162,0.32805076967114694,71,-1.7312082932103805,0.14574063298948814,FIVE CATS HANGING DECORATION,1848.3100000000013
21161,-0.8137955088878464,0.8385357107238899,63,-1.29387560553399,0.5271161871666903,KEEP OUT BOYS DOOR HANGER,1846.1200000000028
21618,-1.9062308494789437,0.3415345163017461,62,-1.8778798213309833,0.15605937858966856,4 WILDFLOWER BOTANICAL CANDLES,1845.1099999999994
84006,-0.9081407160323857,0.6950619839881604,74,-1.262228901594507,0.4337073465443687,MAGIC TREE -PAPER FLOWERS,1844.4500000000023
22324,-1.1347500162055164,0.2979941906526581,71,-1.2075344630235474,0.12340266059592087,BLUE POLKADOT KIDS BAG,1841.5100000000066
21357,-1.9995040769197476,0.7068152647717985,54,-1.8779904925797615,0.44196169535115193,TOAST ITS - DINOSAUR,1841.5099999999995
85173,-1.780722897362879,0.26401381140695196,72,-1.7751346884525083,0.09950468538467061,SET/6 FROG PRINCE T-LIGHT CANDLES,1841.2499999999986
21158,-1.6823441555017118,0.2428865037557645,90,-1.6859548479132314,0.08552397370127696,MOODY GIRL DOOR HANGER,1832.7000000000016
22770,0.6457462476066882,1.2516585758404035,41,-1.0441420344102543,0.7129401117606268,MIRROR CORNICE,1829.5200000000023
21088,-1.4841540180531925,0.4598451233178434,52,-1.5445111573757861,0.25106062862326184,SET/6 FRUIT SALAD PAPER CUPS,1816.7299999999993
90167,-2.781491091392568,0.8241951415425096,40,-2.2334637175302348,0.5185094338718659,BEADED LOVE HEART JEWELLERY SET,1809.6700000000023
22254,-1.649290352173693,0.48634529306505203,64,-1.669818021183798,0.27271217694838046,FELT TOADSTOOL LARGE,1808.4600000000003
22422,-1.8347297396969313,0.6415579061781383,72,-1.791229568856398,0.3948562709211286,TOOTHPASTE TUBE PEN,1805.289999999997
21163,-1.3273988001282533,0.3187097632217722,81,-1.3824829665735412,0.13869381135131542,DO NOT TOUCH MY STUFF DOOR HANGER,1802.5200000000018
21280,-2.560311253044858,0.6034200621478657,45,-2.254446709881437,0.36597672764601985,VINTAGE KITCHEN PRINT VEGETABLES,1800.4399999999976
85127,-0.541174278620987,0.326577394370224,50,-0.7123198650941389,0.14462334792723008,SMALL SQUARE CUT GLASS CANDLESTICK,1800.310000000001
84748,-2.0389300612798045,0.2762635745339963,40,-2.004999493868407,0.10793283568787204,FOLK FELT HANGING MULTICOL GARLAND,1796.120000000001
47591B,-1.1331880303480721,0.9841919723970833,57,-1.4913308208235065,0.6056107003360456,SCOTTIES DES CHILD'S APRON,1795.5000000000023
37343,-1.1156931235218905,0.6269866767495887,48,-1.3494575292833018,0.3839318607554556,SPOTS DESIGN MUG W PINK INSIDE,1792.1000000000008
22103,-1.7803548655894257,0.6327900722687907,49,-1.7586907686362065,0.38829955355901247,MIRROR MOSAIC T-LIGHT HOLDER ROUND,1790.3400000000004
22975,-0.8925196778048626,1.080066857366046,49,-1.4325471901797755,0.6490380160915724,SPACEBOY CHILDRENS EGG CUP,1788.5100000000011
21205,-1.332305527209865,0.33057470314260623,72,-1.3902259870600135,0.14765942595905157,MULTICOLOUR 3D BALLS GARLAND,1787.689999999997
22209,-2.2109348160312696,0.31368644580476046,83,-2.1453029945790494,0.13494156215255282,WOOD STAMP SET HAPPY BIRTHDAY,1782.8999999999987
21662,-0.5928907525649748,0.5817710796558448,55,-0.9880624891741604,0.349192854920772,VINTAGE GLASS COFFEE CADDY,1782.560000000001
21294,-1.0528559622563511,0.26558552186810813,69,-1.120411809894525,0.10057343487679471,ETCHED GLASS COASTER,1778.75
22446,-2.7786427835025713,0.3741929546372479,54,-2.5871677984961186,0.1816512585648501,PIN CUSHION BABUSHKA PINK,1775.3800000000033
84535B,-1.3336273281462507,0.3850182725004608,97,-1.4080163277133801,0.19028467789252101,FAIRY CAKES NOTEBOOK A6 SIZE,1767.1800000000037
22546,-2.3671832838263867,0.536576034022458,63,-2.165793573935347,0.313388172772298,MINI JIGSAW PURDEY,1767.1599999999999
21000,0.25962963290205676,1.6244126159708856,56,-1.3417453431523982,0.8070664316689563,ROSE DU SUD COSMETICS BAG,1766.9199999999967
84507B,-2.515268321012795,0.41487444730874784,57,-2.3457659075824693,0.21436852818131802,STRIPES DESIGN MONKEY DOLL,1764.0299999999986
20767,-1.0109504473630426,0.6176869796789357,76,-1.2799021176339531,0.37688771813485633,BLUE PAISLEY JOURNAL,1759.4599999999966
21927,0.21002402848156715,20.99198997848836,66,-1.7217972829004682,0.9985705704298494,BLUE/CREAM STRIPE CUSHION COVER,1758.2400000000002
10125,-2.7413747289498067,0.42916769208782246,66,-2.5115771038548624,0.2259981241424559,MINI FUNKY DESIGN TAPES,1758.199999999999
21189,-0.1424066783739395,0.5000647754091372,58,-0.5915582321516197,0.28388576420878664,WHITE HONEYCOMB PAPER GARLAND,1754.2899999999995
84843,-1.1949888923331065,0.2754416264546572,63,-1.251844136468046,0.10736039044463075,WHITE SOAP RACK WITH 2 BOTTLES,1748.9100000000017
21281,-2.0722121760972554,0.7415184385507647,40,-1.910305487144623,0.46571811938219965,VINTAGE KITCHEN PRINT SEAFOOD,1747.279999999998
22035,-2.0430614620872842,0.443012803031994,94,-1.9674820438754321,0.2372988926937889,VINTAGE CARAVAN GREETING CARD,1743.0199999999923
21637,-3.4733681744243947,0.48730905755847187,42,-2.995073032679109,0.27349818596867315,ASSORTED SANSKRIT MINI NOTEBOOK,1741.7199999999996
21090,-1.430235720027089,0.3858188170586871,73,-1.4864302515387477,0.19092555938716538,SET/6 COLLAGE PAPER PLATES,1736.5300000000013
22516,-1.528053351112095,0.5435866923223897,54,-1.5907400929724373,0.3190014210587343,CHILDS GARDEN RAKE BLUE,1736.319999999997
22026,-2.690876518197026,0.41215503674442805,99,-2.485861683280448,0.21216174079572614,BANQUET BIRTHDAY  CARD,1733.4399999999953
37342,-1.6526889389604364,0.2254876623975406,46,-1.6580500887775345,0.07459126032551866,SPOTTY COFFEE CUP & SAUCER,1731.4000000000012
22123,-1.4047576788339005,0.3275425142891575,73,-1.451242921161326,0.14535497637928996,PING MICROWAVE APRON,1729.7900000000038
22319,-0.8364952355434231,0.6853131908367791,65,-1.2155067616624255,0.42678238717881,HAIRCLIPS FORTIES FABRIC ASSORTED,1729.2399999999966
72817,-3.198425464810251,0.5543244378036406,41,-2.7156473256735687,0.32755975009956795,SET/2 CHRISTMAS DECOUPAGE CANDLES,1729.1000000000013
21576,-0.9440673231397481,0.30420189947657694,78,-1.0439184085064537,0.1279329720867618,LETS GO SHOPPING COTTON TOTE BAG,1713.7500000000016
21283,-2.23056919335611,0.6836173399223615,40,-2.0152276909947346,0.42557057849255664,NATURAL BARK CANDLE SMALL,1710.4499999999998
22679,-1.676177650573924,0.46264452733648387,65,-1.6884359829767384,0.25334991248238614,FRENCH BLUE METAL DOOR SIGN 4,1708.1900000000019
22673,-2.0846191960643337,0.6701446714490633,61,-1.9348829111350891,0.41586878976454245,FRENCH GARDEN SIGN BLUE METAL,1707.5200000000004
20996,-1.9363606855633078,0.546274680942754,89,-1.8683420807924485,0.3211484036131558,JAZZ HEARTS ADDRESS BOOK,1707.1099999999979
21251,-0.8760542368675123,0.684581092650295,60,-1.2377390117734457,0.4262595093937207,DINOSAUR HEIGHT CHART STICKER SET,1704.6100000000029
21446,-1.9514258404742573,0.3774658156375173,88,-1.9096252261554365,0.18425471348366163,12 RED ROSE PEG PLACE SETTINGS,1697.3600000000004
21284,-1.984340718572652,0.15574487161172948,55,-1.9747212357542883,0.03702961700164198,RETROSPOT CANDLE  SMALL,1694.0499999999988
21645,-2.37380650084837,2.509013360011666,45,-1.7836942731180565,0.9089223044837215,ASSORTED TUTTI FRUTTI ROUND BOX,1692.1499999999987
85039A,-2.189240331466906,0.2575462621395231,75,-2.145027439106223,0.09514743877248633,SET/4 RED MINI ROSE CANDLE IN BOWL,1691.2300000000046
17129F,-2.0138970852557057,0.33913949315755143,81,-1.9692774713762597,0.15421466177658816,BLUE GLASS GEMS IN BAG,1691.2200000000028
21157,-0.5888813580666571,0.4028891244193334,64,-0.8213097711401347,0.20465989632952686,RED SPOTTY WASHBAG,1690.550000000002
21382,-0.8368892840516058,0.2852668104543871,56,-0.9383196635587405,0.11426543223705543,SET/4 SPRING FLOWER DECORATION,1690.0100000000011
85131A,-2.015249013143917,0.33147285660050235,66,-1.9721275225994226,0.1483436936659427,BEADED PEARL HEART WHITE ON STICK,1688.1299999999999
22323,-1.2641624693766664,0.3646783063355478,41,-1.344326878586334,0.17411898305604612,PINK POLKADOT KIDS BAG,1687.2100000000028
21278,-1.6385730722811844,0.8939876911462005,48,-1.6866314109559664,0.5588856986554731,VINTAGE KITCHEN PRINT PUDDINGS,1685.0499999999977
85036C,-2.587491621640455,0.5884311580661002,53,-2.28168326913398,0.35438414794970297,ROSE 1 WICK MORRIS BOXED CANDLE,1684.0200000000002
21633,-1.6254486741154486,0.2637039454881387,41,-1.6352901386220275,0.09929442928393906,SUNFLOWER DECORATIVE PARASOL,1675.86
46776F,-1.1175351051926583,1.2153725492511254,70,-1.5429092616746065,0.7007493619159451,WOVEN ROSE GARDEN CUSHION COVER,1675.730000000004
84913B,-1.397563827347501,0.3801014765009835,65,-1.4585018966511074,0.18635562963775065,MINT GREEN ROSE TOWEL,1672.369999999998
35809A,-1.5033151152653457,0.2535910417877562,66,-1.523783996559676,0.09251575346331631,ENAMEL PINK TEA CONTAINER,1671.8200000000015
22410,-2.273007430802748,0.4411196776082996,71,-2.1437103449218147,0.2357522354949675,MONEY BOX HOUSEKEEPING DESIGN,1671.2100000000005
21448,-1.3143728374283137,0.7364841038790805,79,-1.5040157154677396,0.4623295792386417,12 DAISY PEGS IN WOOD BOX,1666.6299999999978
21694,-3.2791972267490026,0.4211320887079073,46,-2.9380261719925564,0.2194541773923726,SMALL REGAL  SILVER CANDLEPOT,1663.9600000000007
21162,-1.147519603733194,0.25413252341600073,86,-1.2011122054291477,0.0928745318575831,TOXIC AREA  DOOR HANGER,1661.8600000000004
22025,-2.204764302625106,0.435309210746946,89,-2.0938340151245294,0.23100771142412102,RING OF ROSES BIRTHDAY CARD,1661.0099999999943
35241,-0.13814387695522326,0.3239318389582628,53,-0.364402927036914,0.14262252539903864,ENAMEL BLUE RIM BISCUIT BIN,1651.4900000000014
21426,-2.018705274138988,0.3563654797414448,54,-1.969410927908382,0.1675865387144112,WOODLAND STORAGE BOX SMALL,1649.170000000001
21286,-1.8771507552392062,0.1958492180476359,46,-1.868404203607707,0.05732131575025701,RETROSPOT CANDLE  LARGE,1638.1899999999994
21279,-1.443889294645784,0.9137860817058326,55,-1.6037766968237708,0.5696565270616478,VINTAGE KITCHEN PRINT FRUITS,1637.0099999999986
21656,-1.3492765126867576,0.3920747825503649,63,-1.4228117036110521,0.19594433662179989,RIDGED GLASS POSY VASE,1636.680000000001
21541,-2.9997072412205337,0.7789466541174076,44,-2.374520753609758,0.49028673781230536,DINOSAURS WATER TRANSFER TATTOOS,1636.240000000003
21801,-3.8937370319833993,1.172249329660642,58,-2.407024338199882,0.6853818199701018,CHRISTMAS TREE DECORATION WITH BELL,1633.8299999999979
35471D,-1.1776283938060363,0.20161024578634862,89,-1.2107376338590452,0.060536052344593694,SET OF 3 BIRD LIGHT PINK FEATHER,1633.6299999999985
20802,-1.3626655576356084,0.332967899732155,70,-1.4167635175898852,0.14948437786997182,SMALL GLASS SUNDAE DISH CLEAR,1630.050000000001
21793,-1.5595372562516803,0.7208290262614874,53,-1.6340737129217846,0.45166662091843934,CLASSIC FRENCH STYLE BASKET BROWN,1627.3600000000013
21675,-2.1164386539863767,0.46008142105316,88,-2.0179782880253634,0.25125387116518305,BUTTERFLIES STICKERS,1620.8400000000038
22099,-1.4218178154869112,0.2334281164890354,89,-1.4458896906598833,0.07951209520365776,CARAVAN SQUARE TISSUE BOX,1620.790000000002
22106,-2.000538569306414,0.639504488942165,51,-1.8919902570985614,0.39332528676421896,MIRROR MOSAIC HURRICANE LAMP,1620.34
22260,-1.4843162327653006,0.5128079881457356,70,-1.5550033106624952,0.29422741099252536,FELT EGG COSY BLUE RABBIT,1618.2100000000037
22517,-1.3855982747205442,0.7376131434657507,58,-1.5425697016483895,0.4630912384883257,CHILDS GARDEN RAKE PINK,1612.5299999999966
21849,-2.0158265294089346,0.2133589258229955,61,-1.9962220561538246,0.06730828589723103,SILVER DIAMANTE PEN IN GIFT BOX,1611.980000000003
21867,-1.0780594059321778,0.3914253538873867,91,-1.2044006848262332,0.19542250149884177,PINK UNION JACK  LUGGAGE TAG,1611.6300000000015
21383,-1.9504234888317509,0.4626738803213189,74,-1.8931962406878406,0.2533739158695706,PACK OF 12 STICKY BUNNIES,1609.2800000000013
22976,-2.105898974828334,0.864708272498371,45,-1.8990590201734194,0.542408196741617,CIRCUS PARADE CHILDRENS EGG CUP,1607.8200000000006
22912,-2.9138463173474456,2.4651175076979577,44,-1.8364057616046603,0.9059575732131953,YELLOW COAT RACK PARIS FASHION,1606.9800000000014
35810A,-1.7833383649036016,0.1812904697048691,74,-1.780427656671321,0.04952228411084181,ENAMEL PINK COFFEE CONTAINER,1605.570000000003
21579,-1.663632654051559,0.30935668518501036,61,-1.6716589270942888,0.1317294455811422,LOLITA  DESIGN  COTTON TOTE BAG,1597.41
21289,-2.4794932507907674,0.2906195674084019,63,-2.390348992926221,0.11808271699171002,LARGE STRIPES CHOCOLATE GIFT BAG,1594.31
72803A,-2.11983896900996,0.3244151907496383,61,-2.063319369359928,0.1429875640334859,ROSE SCENT CANDLE JEWELLED DRAWER,1591.75
20986,-1.8264064727867224,0.4110571667633568,77,-1.8048897790838747,0.21127144130763098,BLUE CALCULATOR RULER,1591.0900000000008
20735,-1.3127029104819155,0.5432160764700724,68,-1.4439647336725727,0.3187051666592402,BLACK MINI TAPE MEASURE,1589.0300000000004
20902,-1.0438631228498427,0.35668316925847166,56,-1.1581085288366926,0.1678352979483424,VINTAGE KEEPSAKE BOX PARIS DAYS,1588.8000000000043
85170A,-1.6962635067383858,0.64576847173545,43,-1.7075261844398237,0.3979866902171607,SET/6 IVORY BIRD T-LIGHT CANDLES,1587.1600000000003
84536B,-0.42079684765380465,0.3629872657446799,101,-0.6460697027983657,0.17278629088356923,FAIRY CAKES NOTEBOOK A7 SIZE,1583.910000000002
85036B,-1.8973279286150484,0.4057926297572063,41,-1.8615642119723292,0.20700753360244362,CHOCOLATE 1 WICK MORRIS BOX CANDLE,1583.6599999999994
22608,-1.7364091827275083,0.2947362008189186,56,-1.7349752307334043,0.1210439045260957,PENS ASSORTED FUNKY JEWELED,1582.3099999999974
20766,-1.2018807999633376,0.321128692846753,66,-1.275322911862633,0.14051016605953248,GARDEN PATH SKETCHBOOK,1578.59
21711,-0.9595929182318884,0.6335023426096571,46,-1.2570392309660152,0.38883410014231856,FOLDING UMBRELLA  WHITE/RED  SPOT,1575.7300000000002
84789,-2.0639146448146293,0.4968355192631117,55,-1.9684688318802517,0.28125902042332207,ENCHANTED BIRD PLANT CAGE,1573.5100000000004
22915,-0.4146440754284693,0.21119551016270655,48,-0.5011509771735791,0.06603990827969408,ASSORTED BOTTLE TOP  MAGNETS,1570.7599999999984
22681,-2.2625390484959773,0.46582267374151975,64,-2.124844690568031,0.255948690900232,FRENCH BLUE METAL DOOR SIGN 6,1565.780000000001
21610,-3.2460836793504524,1.4515771952128718,43,-2.075117067617682,0.7696026411275121,SET 12 PEAR BOTANICAL T-LIGHTS,1564.3200000000027
21972,-1.853030604268204,0.5446639603014508,77,-1.8119385547465843,0.3198622256379573,SET OF 36 DINOSAUR PAPER DOILIES,1562.270000000003
21399,-1.7950007757440452,0.19179796183351625,48,-1.7911193725438057,0.05510371711148121,BLUE  SPOTTY  COFFEE MUG,1559.320000000001
20893,-1.7951575404029168,0.7518297402022383,47,-1.7617946250483947,0.47259666569403935,HANGING BAUBLE T-LIGHT HOLDER SMALL,1555.7899999999995
75131,-3.593450750514287,1.1845859465561157,45,-2.3041439205806022,0.6898790898711391,METAL TUBE CHIME ON BAMBOO,1549.770000000001
21851,-2.260888192587083,0.35653132564485757,61,-2.170937606053014,0.16771639130941451,LILAC DIAMANTE PEN IN GIFT BOX,1549.5700000000038
21002,-2.381039435940328,0.48694304562494134,53,-2.2016901732352054,0.273199697760069,ROSE DU SUD DRAWSTRING BAG,1547.5399999999977
22322,-1.6955582766459736,0.4003246930449373,84,-1.7014342401881413,0.20258896281517103,BIRD DECORATION GREEN  SPOT,1546.7100000000057
22982,-1.4638296441741576,0.7179399449572235,40,-1.5810755724506338,0.4496781417134279,PANTRY PASTRY BRUSH,1545.020000000002
20768,-2.4912185701925393,1.512650958579849,69,-1.8902428655680477,0.7838923298115131,GREEN FERN JOURNAL,1544.3899999999978
85125,-0.9720606790728465,0.42740555309132233,40,-1.141043997719148,0.22456196502472303,SMALL ROUND CUT GLASS CANDLESTICK,1539.990000000001
22288,-2.261190031548401,0.8070633330810119,42,-1.9885754704118848,0.5080146197535096,HANGING METAL RABBIT DECORATION,1538.5300000000002
85177,-1.1043334468474004,0.9060172861111281,70,-1.4550516206951407,0.565465441949208,BASKET OF FLOWERS SEWING KIT,1534.1300000000022
72008,-4.977183686583216,3.8080742610484557,46,-1.8601508041885606,0.9583141829658708,FROSTED BOX 9 WHITE T-LIGHT CANDLES,1531.8199999999977
84659A,-2.6669117050423434,0.525601790902304,72,-2.3799056197100894,0.3045645137854869,WHITE TRAVEL ALARM CLOCK,1527.3199999999993
22682,-2.2678500366581353,0.47048465048356086,64,-2.1267257088617573,0.25975998747576967,FRENCH BLUE METAL DOOR SIGN 7,1526.8800000000008
21785,-2.8196954645868537,0.6640648042248777,42,-2.3691055037790014,0.41144777143670075,RAIN PONCHO,1524.789999999999
21661,-1.146875967257595,0.7305291300290155,44,-1.4116274023567819,0.45829590394905817,VINTAGE GLASS TEA CADDY,1517.2600000000004
21634,-2.453106150111363,0.27772135211716853,45,-2.3737309824431794,0.10895048323129486,ASSORTED MINI MADRAS NOTEBOOK,1512.7599999999986
21807,-3.6279332222378056,0.9729380484438083,42,-2.485713243726367,0.6001038306166977,WHITE CHRISTMAS STAR DECORATION,1511.5299999999988
22815,-3.5732221751193194,0.5350625696935415,62,-2.9961189332355183,0.3121738916149861,CARD PSYCHEDELIC APPLES,1511.3999999999974
22683,-1.4610164096442317,0.4717553562323304,64,-1.5297488952824212,0.26079859306620057,"FRENCH BLUE METAL DOOR SIGN, 8",1509.1800000000012
21066,-2.520840383585665,0.19823867288172256,70,-2.474141866849446,0.058646015177480915,VINTAGE RED MUG,1508.44
85159B,-1.5479159287119062,0.21152980109508765,52,-1.5596161726408095,0.06623527806990026,"WHITE TEA,COFFEE,SUGAR JARS",1503.5000000000016
21051,-2.414808154830782,0.5602636645562553,57,-2.1854590596898644,0.33227176366120037,RIBBONS PURSE,1502.9800000000012
21739,-1.7585747754576593,0.49760401022951767,57,-1.7489872870743657,0.2818843266290566,COSY SLIPPER SHOES SMALL GREEN,1502.0000000000045
21190,-1.1645132915034644,1.095763597081885,41,-1.5316719514692263,0.6555826947639274,PINK HEARTS PAPER GARLAND,1500.3900000000003
21199,-2.155136878370169,0.2167293285912298,66,-2.125296764301522,0.06930306388731022,PINK  HEART CONFETTI IN TUBE,1495.6999999999996
85055,-1.0373422083923636,0.46461410165568845,49,-1.212556257871475,0.25496047826419865,FRENCH ENAMEL UTENSIL HOLDER,1491.8099999999993
79030G,-0.8577427761357113,0.10350538700227277,48,-0.8722188072882175,0.016700160880673942,"TUMBLER, NEW ENGLAND",1491.209999999997
21065,-2.050253542560568,0.14317270156541975,53,-2.040003008494281,0.03147319723030351,BOOM BOX SPEAKER GIRLS,1491.0300000000032
22393,-1.1602082391894628,0.21773449306928114,57,-1.1996579395907871,0.06990235296179304,PAPERWEIGHT VINTAGE COLLAGE,1489.7699999999993
20734,-1.523758954237482,0.5215956810945572,56,-1.5842677588636296,0.30133313993848077,SILVER MINI TAPE MEASURE,1485.6799999999998
21644,-1.6808176393470506,1.5580761929048936,63,-1.7155401725970711,0.7937486362022221,ASSORTED TUTTI FRUTTI HEART BOX,1485.2199999999998
20733,-3.3713867217758833,0.2825757464390172,79,-3.1863481756258754,0.11236084534184287,GOLD MINI TAPE MEASURE,1481.0999999999958
35965,-0.41557490260156815,0.3040074544234682,70,-0.5828509281070569,0.12779036880568906,FOLKART HEART NAPKIN RINGS,1476.1599999999999
21317,-1.3727790350611202,0.33889219482187255,51,-1.4269623171500858,0.15402446729168806,GLASS SPHERE CANDLE STAND MEDIUM,1475.32
21410,-0.9543745103690189,0.38768403380920624,47,-1.1025740977233331,0.19241998413394168,COUNTRY COTTAGE  DOORSTOP GREEN,1475.250000000001
20761,-0.9837226068764635,0.539287036315632,70,-1.2175028889882404,0.31556108228433755,BLUE PAISLEY SKETCHBOOK,1475.2000000000007
21198,-1.8528221548428614,0.25263778188042646,60,-1.8410369895204706,0.09188530909008197,WHITE HEART CONFETTI IN TUBE,1473.9499999999994
84637,-1.6190067271379307,0.2775634336536575,49,-1.6304954427455038,0.10884009699128183,KITCHEN FLOWER POTS WALL PLAQUE,1467.2100000000032
22093,-1.7531036809068568,0.3371364837616038,75,-1.7487461570139873,0.15267570813918474,MOTORING TISSUE BOX,1464.3300000000006
21159,-1.3118496653257832,0.24636153332453078,86,-1.3480744590913654,0.08777236515146203,MOODY BOY  DOOR HANGER,1463.1600000000005
22228,-0.8028854879420568,0.49980791267928415,69,-1.0643440128146273,0.28367690874667306,BUNNY WOODEN PAINTED WITH BIRD,1458.3000000000045
85098B,-1.0406400770483366,0.5868859747377387,42,-1.2821891349859311,0.3531818829017417,BLUE FLYING SINGING CANARY,1456.9399999999998
22396,-1.296961711114709,0.31671153514563216,69,-1.355627692070235,0.13719797415629875,MAGNETS PACK OF 4 RETRO PHOTO,1453.6600000000024
22316,-2.594666090460983,0.5060233852746859,67,-2.343444191836559,0.288726470395005,200 BENDY SKULL STRAWS,1452.8200000000002
21292,-1.7077052571222162,0.2763855660460822,53,-1.709526155685957,0.1080178792800981,SMALL STRIPES CHOCOLATE GIFT BAG,1450.9099999999994
22249,-2.4488057230930185,0.6614498656923787,60,-2.1522005000669067,0.40953821893370346,DECORATION WHITE CHICK MAGIC GARDEN,1449.96
84596G,-1.8344624362685158,0.3521563351674334,90,-1.816406155543034,0.1642976698526576,SMALL CHOCOLATES PINK BOWL,1448.6699999999994
22817,-1.6313779490510245,0.392394223122106,63,-1.6496608862103375,0.19620108527511892,CARD SUKI BIRTHDAY,1447.5299999999975
22287,-0.7187869576191965,0.37270542501646353,45,-0.9002993105330891,0.18047001573273225,"DECORATION , WOBBLY CHICKEN, METAL",1447.2999999999984
35004G,-1.8595094539146069,0.2708423656854941,48,-1.8454513216680963,0.10417535368456132,SET OF 3 GOLD FLYING DUCKS,1444.9099999999999
84313C,-0.3273257976098154,0.31370020788000663,43,-0.5158854310421459,0.13495180483561586,ORANGE TV TRAY TABLE,1442.3900000000006
20801,-1.3330266840213287,0.2857487830905404,45,-1.3778996737088,0.11460758379526093,LARGE PINK GLASS SUNDAE DISH,1437.220000000001
85071A,-1.3612078472861047,0.24146814561821425,55,-1.3919521348254649,0.0846123081371527,BLUE CHARLIE+LOLA PERSONAL DOORSIGN,1436.3399999999986
22545,-1.6177932381153501,0.591784060987139,72,-1.6559086760563282,0.3569884056607572,MINI JIGSAW BUNNIES,1435.63
15034,-1.1841599065040276,0.18209641970163565,91,-1.2111484507475625,0.04994153925618061,PAPER POCKET TRAVELING FAN,1434.21
22819,-2.267231750069664,0.5040052993931146,62,-2.1114379931546297,0.28708793910073604,"BIRTHDAY CARD, RETRO SPOT",1431.599999999997
20840,-1.2910500703549541,0.20658032642494562,44,-1.3185200469404283,0.06336604430282378,FRENCH FLORAL CUSHION COVER,1428.41
20780,-0.8897362353866707,0.43852818512102015,40,-1.0847814396018298,0.23363564393425118,BLACK EAR MUFF HEADPHONES,1428.23
85169A,-1.5249617809141665,0.5227884514748968,66,-1.5853002793081477,0.3022957876427488,IVORY LOVE BIRD CANDLE,1427.0800000000015
22917,-1.1058478309914053,0.7181148198605336,53,-1.3841449381546873,0.44979868572935067,HERB MARKER ROSEMARY,1423.619999999999
22924,0.0684797737570728,0.3690639794712777,41,-0.24993575969389714,0.17758393851253285,FRIDGE MAGNETS LA VIE EN ROSE,1422.7800000000009
21358,-1.7684604660282472,0.4069914619725805,82,-1.759330696523004,0.2079777058504888,TOAST ITS - HAPPY BIRTHDAY,1422.4699999999987
21828,-1.257032378806416,0.5960238884999378,79,-1.42547067912527,0.3602725105015381,EIGHT PIECE SNAKE  SET,1420.4300000000003
85032D,-1.8971534922730469,0.5444524713025228,45,-1.8419773577801437,0.3196932700597981,YULETIDE IMAGES GIFT WRAP SET,1417.7800000000004
21738,-2.6251194767320185,0.521818447168575,42,-2.353589916898574,0.3015129620275644,COSY SLIPPER SHOES SMALL  RED,1417.0600000000022
47503A,-2.2957089622817315,0.3236577078872258,61,-2.214368816410275,0.14241559904068446,ASS FLORAL PRINT MULTI SCREWDRIVER,1416.8399999999995
22756,-1.5610446182144189,1.0261881465528728,59,-1.6633063766672553,0.6253852536059341,LARGE YELLOW BABUSHKA NOTEBOOK,1412.2200000000012
85017B,-1.8818654948749032,0.7243048883211611,85,-1.810442060775603,0.45405045813536704,ENVELOPE 50 BLOSSOM IMAGES,1407.3899999999999
21684,-1.4008770246063424,0.3359026555594022,60,-1.449989680126088,0.15172949752426268,SMALL MEDINA STAMPED METAL BOWL,1405.9400000000014
22685,-1.596037310924155,0.6394944350495319,58,-1.6465886078506444,0.39331778384345506,FRENCH BLUE METAL DOOR SIGN 0,1405.8700000000008
85087,-1.5841263995882864,0.2857326498003785,46,-1.6002198484562014,0.114596125735968,CANDY SPOT CUSHION COVER,1401.1099999999976
21910,-3.2047076191557906,1.0270843305439328,45,-2.278441500659004,0.6257941826439919,WAY OUT METAL SIGN,1399.8299999999995
22916,-2.261430083734695,0.7682962388198962,54,-2.0019040542275386,0.48340802130627336,HERB MARKER THYME,1398.0399999999997
22977,-0.18283012395658987,1.1649759466374434,42,-1.2353577355055,0.6826914537800827,DOLLY GIRL CHILDRENS EGG CUP,1397.6600000000008
22984,-3.0219574835967284,0.6949035212421708,62,-2.459413112592488,0.4335953492017792,CARD GINGHAM ROSE,1396.7799999999957
22250,-2.584377653290632,0.443863418018035,81,-2.3797468857199666,0.23799394520928585,DECORATION  BUTTERFLY  MAGIC GARDEN,1392.1900000000012
84685,-1.4485541884405384,0.4172043505518041,52,-1.508244018256813,0.21626087842335917,BEACH HUT KEY CABINET,1388.9099999999983
21530,-1.2580232794801147,0.22797611141848803,75,-1.293536576485335,0.0761206880722074,DAIRY MAID TOASTRACK,1388.129999999999
46776B,-1.2864840679871397,0.7954527620832159,68,-1.5058606585420633,0.5007699655435738,WOVEN BERRIES CUSHION COVER,1386.070000000003
21285,-2.057103008931143,0.22885081004692412,43,-2.031610110578962,0.0766610631451281,RETROSPOT CANDLE  MEDIUM,1383.670000000002
20762,-2.468425992972063,0.95504186378645,64,-2.0286829303045577,0.5911610780373171,GREEN FERN SKETCHBOOK,1381.5300000000002
20866,-1.4365800834512799,0.5128458265464652,66,-1.5213212700640388,0.2942580555298391,BLUE ROSE FABRIC MIRROR,1381.4400000000005
21059,-2.095010524161893,0.9929343193398257,87,-1.8691013226459674,0.6098272122217191,PARTY INVITES DINOSAURS,1369.810000000002
21209,-0.8367085666469508,0.2318728985596604,65,-0.9064397898592185,0.0785390588831606,MULTICOLOUR HONEYCOMB FAN,1369.6900000000007
23000,-1.0810384412254583,0.41542236427873336,43,-1.219276071043079,0.21481341408548915,TRAVEL CARD WALLET TRANSPORT,1369.1199999999997
22269,-1.6518683171293114,0.26665058327875607,72,-1.6592322389429275,0.1012998222728323,EGG CUP NATURAL CHICKEN,1362.7100000000012
16235,-2.2258242555113457,0.46243598988615975,92,-2.098915149785166,0.25317938051822786,RECYCLED PENCIL WITH RABBIT ERASER,1362.2699999999984
22918,-2.138616255778698,0.8407138600740789,53,-1.919826479820377,0.5284092849719373,HERB MARKER PARSLEY,1361.419999999999
85071B,-1.4418450169618633,0.1395633621558633,60,-1.4503133349852972,0.02995327275219939,RED CHARLIE+LOLA PERSONAL DOORSIGN,1360.2
35598D,-1.6514970976749557,0.3564375584692091,40,-1.6637460220431335,0.1676429718498036,PINK/WHITE CHRISTMAS TREE 60CM,1359.1699999999994
85141,-1.2000465869476074,0.5143471242827579,41,-1.3550272328792587,0.2954735999701257,JARDIN ETCHED GLASS FRUITBOWL,1355.9900000000005
21945,-1.0347798606227263,0.51796747918027,70,-1.2406125470696658,0.2984021827040053,STRAWBERRIES  DESIGN FLANNEL,1355.7200000000043
22684,-1.6986932952339735,0.49757464666724116,60,-1.7059848395543906,0.2818604363163887,FRENCH BLUE METAL DOOR SIGN 9,1353.710000000001
21580,-0.9695505898911851,0.332143309496518,64,-1.0819378912583473,0.14885497735540654,RABBIT  DESIGN  COTTON TOTE BAG,1349.8800000000017
22481,-1.7716258380513967,0.4938777287982269,74,-1.7585022076286472,0.27885121472228214,BLACK TEA TOWEL CLASSIC DESIGN,1349.340000000001
21775,-2.213351573867352,0.35990375392903984,92,-2.1300809206393225,0.17036116648042587,DECORATIVE FLORE BATHROOM BOTTLE,1347.6200000000015
20798,-2.3805455084786025,0.4736350080219695,41,-2.2084584435514825,0.2623346930951257,CLEAR MILKSHAKE GLASS,1345.9500000000005
47593B,-0.2119088231919138,0.495512611023348,89,-0.635727668735093,0.2801823135693918,SCOTTIE DOGS BABY BIB,1343.89
21219,-1.504598751427553,0.37873801809037205,71,-1.5453510930865877,0.18526832854565545,SET/4 BADGES BALLOON GIRL,1340.8200000000002
85032A,-1.760634604386884,0.3212970893525613,51,-1.7555615571146042,0.14063683854571618,ROMANTIC IMAGES GIFT WRAP SET,1336.760000000003
84569D,-1.8482661443635708,0.2946123194512519,78,-1.8333036513379397,0.12095447817369476,PACK 6 HEART/ICE-CREAM PATCHES,1335.060000000001
22893,-1.5506118719888309,0.5171013001336832,55,-1.6023973394495756,0.2977018645131537,MINI CAKE STAND T-LIGHT HOLDER,1330.5000000000005
22701,-1.9595986474358318,0.19327277848125138,57,-1.9464585250023199,0.055906847981091135,PINK DOG BOWL,1329.4300000000026
21926,-0.5091234243509069,25.76835405573411,60,-1.7234090821679309,0.9990509141824543,RED/CREAM STRIPE CUSHION COVER,1327.77
72800B,-2.0340460587218256,0.3422690511460378,52,-1.9855728715220533,0.15662611952465466,4 PURPLE FLOCK DINNER CANDLES,1320.1299999999978
35648,-1.0356694108137174,0.42045714271017004,52,-1.1864716981857255,0.21890516753214107,VINTAGE BEAD PINK PURSE,1319.8100000000009
22232,-1.0790499924292247,0.35378870859565864,61,-1.1859285431814794,0.16557158320279097,JIGSAW TOADSTOOLS 3 PIECE,1318.9900000000011
20760,-4.417210009914577,3.560635543764786,43,-1.8521852803039724,0.9526032842767269,GARDEN PATH POCKET BOOK,1317.9099999999992
22097,-1.7336875595563215,0.24373231166185894,88,-1.7329021839866239,0.08606929820000775,SWALLOW SQUARE TISSUE BOX,1317.690000000001
22181,-2.158687643150888,0.5920516032248998,54,-2.0036199539607846,0.35719594000135413,SNOWSTORM PHOTO FRAME FRIDGE MAGNET,1317.6500000000015
21880,-1.293538096672913,0.37147420877830983,89,-1.370904114328237,0.17949330069566882,RED RETROSPOT TAPE,1314.2399999999957
84688,-1.6650209452494689,0.44358499590469136,43,-1.679177961298898,0.23776643435844969,BEACH HUT DESIGN BLACKBOARD,1313.5200000000002
85170D,-1.351674722364904,0.32105232485441093,74,-1.4040478479681933,0.1404527295384258,SET/6 PINK BIRD T-LIGHT CANDLES,1311.0900000000013
21248,-1.4088328514400557,0.3866803274825427,74,-1.4693316035221557,0.19161559853471344,DOOR HANGER  MUM + DADS ROOM,1309.7000000000014
82613D,-1.0715753029492516,0.4122553473384509,84,-1.2101673619075806,0.2122431040510745,METAL SIGN CUPCAKE SINGLE HOOK,1309.4600000000007
22543,-1.9926758480048936,0.6196339717667447,58,-1.8912306528353566,0.3783670162191669,MINI JIGSAW BAKE A CAKE,1304.6100000000006
85025C,-1.5172202250636184,0.44008947218025213,64,-1.5659271823346175,0.23491072816972058,PINK HEART SHAPE PHOTO FRAME,1304.1799999999992
85231G,-1.4433744382642901,0.9111350377472887,85,-1.603154419032477,0.568231457631339,ORANGE SCENTED SET/9 T-LIGHTS,1304.0600000000022
20765,-2.2594383999706373,0.44151512667775505,66,-2.133167453664968,0.2360752820588331,CHRYSANTHEMUM SKETCHBOOK,1302.5600000000004
16225,-1.3547782781383946,0.48116852324636483,60,-1.4540609035166945,0.2684878974820393,RATTLE SNAKE EGGS,1298.93
17091A,-1.4516409212333017,0.2511567297611838,57,-1.4764519043102184,0.09090879005406183,LAVENDER INCENSE IN TIN,1298.77
79191C,1.0424905520496093,1.076528627962731,61,-0.7492916988790483,0.6475416725581855,RETRO PLASTIC ELEPHANT TRAY,1298.0100000000018
22258,-2.2263287298652408,0.43294256257943825,40,-2.1113858910108876,0.22907653742212242,FELT FARM ANIMAL RABBIT,1294.8000000000004
22267,0.21392714264813886,0.5137725579212541,45,-0.35794376278228435,0.2950084705395062,EASTER DECORATION EGG BUNNY,1292.7199999999996
46776A,-1.286763160671755,0.5093097427466143,61,-1.4143346705540873,0.2913925584766579,WOVEN BUBBLE GUM CUSHION COVER,1291.6500000000008
84625A,-1.1547945096086414,0.19264882119504687,44,-1.1864545188157134,0.055566479789694534,PINK NEW BAROQUECANDLESTICK CANDLE,1287.490000000001
21063,-2.6574743648148496,0.4250713818953936,87,-2.4497517471951955,0.2226605280147781,PARTY INVITES JAZZ HEARTS,1286.8700000000022
22919,-2.34269003188422,0.6571732558313994,52,-2.0914800598741836,0.4064048521591994,HERB MARKER MINT,1281.9399999999987
20777,-0.7119893948300746,0.7444422767620723,64,-1.1855466441618874,0.4676770321469641,CHRYSANTHEMUM NOTEBOOK,1280.9700000000034
22999,-0.10824951541299144,0.6744682232572803,43,-0.7854791652610905,0.41899656710297195,TRAVEL CARD WALLET VINTAGE LEAF,1280.3100000000002
22214,-1.8307637053760937,0.21969650726400203,48,-1.8232151599052724,0.0710778684036899,CANDLE PLATE LACE WHITE,1279.7900000000002
22268,-0.4868962372136714,0.3929690797916567,62,-0.7302997172351957,0.19666323640219185,EASTER DECORATION SITTING BUNNY,1278.0900000000024
22389,-1.1201238981763244,0.1912088555889634,46,-1.153237622182508,0.05478425158530953,PAPERWEIGHT SAVE THE PLANET,1276.1199999999994
21689,-1.0042788083677896,1.0579991674043678,40,-1.4649554320512252,0.6395765176826029,SILVER VANILLA  FLOWER CANDLE POT,1275.62
21425,-0.9198377391128553,0.5974081049380708,55,-1.21061903406329,0.3613424851753708,SKULLS STORAGE BOX LARGE,1274.9300000000012
85163B,-1.0571354929722898,0.4557925666398515,41,-1.2224882165874282,0.24774647656401572,BLACK BAROQUE WALL CLOCK,1268.6600000000003
21253,-0.6736805939646234,0.39933712530069254,68,-0.8857402948340023,0.20179210598837738,SET OF PICTURE FRAME  STICKERS,1266.4999999999995
77101A,-3.637838472152264,0.5068233285650918,44,-3.084182966757093,0.2893756851969105,UNION FLAG WINDSOCK,1263.47
85130A,-0.5011699532438321,0.8325767566926102,43,-1.141688796083459,0.5235594839415925,BEADED PEARL HEART WHITE LARGE,1262.0899999999997
85159A,-1.5094194878996707,0.1363853188032413,51,-1.5155818937663936,0.028643281720105218,"BLACK TEA,COFFEE,SUGAR JARS",1261.6800000000012
22062,-1.0004988289488834,0.3291329324855365,66,-1.106619496845232,0.1465625909313355,CERAMIC BOWL WITH LOVE HEART DESIGN,1261.1500000000015
79163,-0.760026305313235,0.19548470220556885,41,-0.8151209267283683,0.05712031732927636,BLACK CHAMPAGNE GLASS,1260.6299999999999
22280,-1.6992925573011968,0.39581271972716947,62,-1.7043200765796234,0.19895145096917388,POCKET BAG PINK PAISELY BROWN SPOT,1258.3400000000015
40003,-1.694957954859941,0.6465889106935873,42,-1.7067582413579918,0.3985952603323454,WHITE BAMBOO RIBS LAMPSHADE,1258.27
22921,-1.6961664145505606,1.1835633863864132,49,-1.7157458789836368,0.68950944372522,HERB MARKER CHIVES,1256.5399999999993
20731,-2.3250434145669643,0.7700636420483786,42,-2.0340770135516406,0.4845557301906598,POSY CANDY BAG,1254.1699999999996
79066K,-2.6645654610697513,0.371031967012915,87,-2.4961708216614706,0.17914269545483308,RETRO MOD TRAY,1250.320000000002
20707,-1.86584182530866,0.2535095277221002,72,-1.8527788994827892,0.09246178507494829,CRAZY DAISY HEART DECORATION,1248.690000000001
21883,-1.943135771809315,0.2849765312466075,65,-1.9182054262464179,0.11405951482350041,STARS GIFT TAPE,1244.3999999999978
22216,-1.8546668849343502,0.4174657329754979,65,-1.8265027939812786,0.2164732641634699,T-LIGHT HOLDER WHITE LACE,1232.4300000000007
20771,-2.45965241956714,0.7091388836106393,65,-2.1335803946069065,0.44358122404152656,CHRYSANTHEMUM  JOURNAL,1229.7299999999982
16046,-1.8082142477662686,0.5512126482353213,41,-1.7810203947997283,0.325084635384025,TEATIME PEN CASE & PENS,1227.7499999999986
84559A,-1.4948839392253186,0.5683490885351599,83,-1.5726669277483467,0.3386600012995169,3D SHEET OF DOG STICKERS,1227.5100000000016
22403,-1.4358362590619924,0.2935370014534681,67,-1.4705351223775596,0.12017905467657253,MAGNETS PACK OF 4 VINTAGE LABELS,1223.800000000003
72819,-2.0252302867169467,0.2225688236179994,54,-2.0033379672283025,0.07281235478121395,CUPID DESIGN SCENTED CANDLES,1219.8299999999988
21904,-2.067182470383869,1.561728295213577,57,-1.7949661628124907,0.794514158465828,HOUSE WRECKING METAL SIGN,1216.220000000001
22233,-1.0075383014639434,0.2924178365549157,65,-1.093132062005521,0.11937357791885417,JIGSAW RABBIT AND BIRDHOUSE,1215.6499999999971
22265,-1.2547951010926903,0.8524799943268896,60,-1.5062758170891666,0.5353301283820693,EASTER DECORATION NATURAL CHICK,1215.559999999999
84687,-1.7177846849472793,0.3804403907502383,45,-1.7190496276368308,0.1866260544990649,BEACH HUT SHELF W 3 DRAWERS,1214.0100000000002
22256,-2.246729769936255,0.6326482250601592,41,-2.0440281133218505,0.38819305990124386,FELT FARM ANIMAL CHICKEN,1213.83
22252,-0.4348493992781987,0.758417839837574,63,-1.049975323322197,0.4769478248639881,BIRDCAGE DECORATION TEALIGHT HOLDER,1206.8100000000002
22102,-2.1617913377654823,0.891291772667773,41,-1.9180817942297361,0.5573960351344214,MIRROR MOSAIC T-LIGHT HOLDER,1206.54
85129D,-0.9156049154978656,0.44901379837745825,76,-1.1115374217434226,0.24220364145827566,BEADED CRYSTAL HEART PINK SMALL,1204.8300000000006
21366,-1.0926156360565353,0.402408206937015,48,-1.221704297294942,0.20427134044878592,MIRRORED WALL ART PHOTO FRAMES,1203.5699999999993
21650,-1.2469466420196793,0.2565990756195299,70,-1.292088468636619,0.09451489684106484,ASSORTED TUTTI FRUTTI BRACELET,1203.5200000000004
84674,-1.7592145833939912,0.2431892786458823,62,-1.756244251888404,0.08571904106678341,FLYING PIG WATERING CAN,1202.490000000001
84678,-1.962197435942648,0.3281366396191275,44,-1.9275489007237507,0.14580581447186347,CLASSICAL ROSE SMALL VASE,1196.289999999999
22615,-1.812362941675532,0.3770916465003901,71,-1.796211481634589,0.18395676800395389,PACK OF 12 CIRCUS PARADE TISSUES,1189.3600000000013
85124C,-1.4400105298081685,0.4385168618838613,62,-1.5064894137961744,0.23362639743969948,GREEN JUICY FRUIT PHOTO FRAME,1185.0499999999981
22718,-1.9752732797754429,0.3775610205108355,76,-1.9290596528083963,0.18433053616256334,CARD CAT AND TREE,1178.3399999999986
72598,-1.4748016577014431,0.48269022023764635,70,-1.542169685487894,0.26972999396562114,SET/12 TAPER CANDLES,1175.1499999999996
22814,-3.118411354557074,0.45017192004342754,60,-2.779496374723678,0.24315047671784962,CARD PARTY GAMES,1173.8799999999983
22264,-2.539461069444275,0.42312299838494516,53,-2.359308028122703,0.22107422769969276,FELT FARM ANIMAL WHITE BUNNY,1171.730000000002
37475,-0.44646745781851194,0.26268934543551514,44,-0.5724966236826647,0.09860702691787104,SET/4 COLOURFUL MIXING BOWLS,1170.5100000000004
21942,-0.019538363659775987,0.5681459765761173,68,-0.5966889279255514,0.33849991044358163,SKULLS DESIGN FLANNEL,1164.500000000003
17021,-11.047881412879159,3.1151340607182094,54,-2.2936214793434826,0.9389639188776459,NAMASTE SWAGAT INCENSE,1163.039999999999
22255,-1.1320474678392474,0.5312912945422601,63,-1.3152202374038577,0.30914443832027294,FELT TOADSTOOL  SMALL,1156.7800000000009
20867,-0.9596721666460057,0.6516983150169541,54,-1.2674448613529472,0.4023748577312741,PINK ROSE FABRIC MIRROR,1154.45
20669,-0.9575478441521604,0.39725699798545305,76,-1.1110389537098548,0.2001149270277537,RED HEART LUGGAGE TAG,1153.2000000000007
20622,-0.5495016547085245,0.4303901397245849,65,-0.8162343462888935,0.22699476478901892,VIP PASSPORT COVER,1152.8300000000008
84596E,-1.5094082176177357,0.4359365503539517,55,-1.559220716362282,0.23151975492473875,SMALL LICORICE DES PINK BOWL,1149.5199999999995
20932,-1.735128708328716,0.25374400002451863,54,-1.7341501100628125,0.09261705271017406,PINK POT PLANT CANDLE,1147.7200000000005
21555,-1.4008646052592544,0.4383640471161396,67,-1.4764486175317757,0.23350161125574964,CERAMIC STRAWBERRY TRINKET TRAY,1146.67
22116,-1.641303715847186,0.35581242329920926,76,-1.655220749089249,0.16715365553717965,METAL SIGN HIS DINNER IS SERVED,1145.1999999999998
20832,-2.2936768198266755,0.45168730526207185,63,-2.1545912917661245,0.244389496119227,RED FLOCK LOVE HEART PHOTO FRAME,1143.7099999999996
22715,-3.4008489544567917,0.553562481737037,65,-2.852780295733594,0.32695408501324286,CARD WEDDING DAY,1140.6699999999985
37424,-0.9767880486403038,0.9474094174235308,43,-1.4159388052669235,0.587276918347197,WHITE WITH BLACK CATS MUG,1136.380000000001
22230,-0.4144906275438848,0.3977775924551418,73,-0.6772052811070555,0.20053451368215724,JIGSAW TREE WITH WATERING CAN,1135.7800000000013
20700,-1.5873891039773926,0.2320873804046043,50,-1.598180955620504,0.0786729867197089,GREEN CAT FLORAL CUSHION COVER,1135.2200000000005
85212,-1.4196748662581893,0.20498553154570015,67,-1.438715814294719,0.062452317814405744,MINI PAINTED GARDEN DECORATION,1134.6500000000012
21850,-2.3209489273051096,0.2957999328332776,48,-2.2483015759700553,0.12181257797656386,BLUE  DIAMANTE PEN IN GIFT BOX,1132.1500000000005
22532,-3.924603393349403,0.7312503173536723,62,-2.9152557716506995,0.45878587447827435,MAGIC DRAWING SLATE LEAP FROG,1125.4699999999996
21944,-1.2993876636154857,0.48592168060672275,64,-1.4151911471222618,0.2723666499797667,KITTENS DESIGN FLANNEL,1120.140000000002
47504H,-0.7429315517653238,0.2532454664597135,52,-0.8335233712011026,0.0922870319405773,ENGLISH ROSE SPIRIT LEVEL,1118.92
17096,-4.070974029275998,0.6493804311999221,53,-3.1308550666198753,0.40066246109564607,ASSORTED LAQUERED INCENSE HOLDERS,1117.9399999999998
22997,-2.005705156124696,0.9280617265303808,42,-1.8434184528712532,0.5772399866877825,TRAVEL CARD WALLET UNION JACK,1115.9300000000007
85131D,-1.9664681216848097,0.3592194971960705,71,-1.925386789285309,0.1698238990808959,BEADED CRYSTAL HEART PINK ON STICK,1112.6600000000021
20615,-0.538480548529213,0.28612466762690725,78,-0.6747313023904697,0.11487464066586639,BLUE POLKADOT PASSPORT COVER,1111.4700000000028
21666,-1.82317218085816,0.4572214077161866,51,-1.7986267902716968,0.24891496245397604,RIDGED GLASS T-LIGHT HOLDER,1110.7099999999991
21202,-1.7684574297797782,0.5232673362650053,42,-1.7551712598395475,0.30268215176986246,DOLLY HONEYCOMB GARLAND,1108.4299999999996
21758,-0.9592052663730412,0.2679936330127797,53,-1.0374387678414614,0.10221826344035811,VINTAGE SHELLS PRINT,1107.920000000001
20755,-0.5553816148377346,1.3298381792593912,52,-1.4171695827408097,0.7370868587654233,BLUE PAISLEY POCKET BOOK,1105.8000000000009
84559B,-1.1791027660924371,0.6648640405357641,73,-1.4038488401439588,0.41203044533211286,3D SHEET OF CAT STICKERS,1102.0200000000007
84509C,-0.7871060802168164,0.301983842055221,56,-0.9055152228368678,0.12630893837222945,SET OF 4 POLKADOT PLACEMATS,1097.3300000000004
84989A,-1.1874294535337686,1.2718315019118591,61,-1.573864329259219,0.7194395853652,75 GREEN FAIRY CAKE CASES,1095.0699999999995
85093,-1.868898007057278,0.2639926851724844,61,-1.8545380313234494,0.09949034568775739,CANDY SPOT EGG WARMER HARE,1094.9700000000003
21690,-1.375841108298288,0.5334008505485565,43,-1.4842375968047408,0.3108396791837339,SILVER  CANDLEPOT JARDIN,1092.0900000000001
85008,-1.2030642202076396,0.6842488347368264,45,-1.425234058197414,0.4260220746356186,SET OF 3 CONEY ISLAND OVAL BOXES,1088.6900000000003
22511,-1.546138206992432,0.2573295346506887,47,-1.5630889879662444,0.0950025781263979,RETROSPOT BABUSHKA DOORSTOP,1084.1600000000003
84923,0.7696736863291752,1.053584888875699,65,-0.820767809293915,0.637646673623526,PINK BUTTERFLY HANDBAG W BOBBLES,1080.8699999999994
22821,-3.2661205986912725,0.4751548465519086,57,-2.859802106503323,0.26357652623171424,GIFT BAG PSYCHEDELIC APPLES,1080.5999999999985
85078,-0.6208852033540606,0.12917474450747438,61,-0.6493276779548103,0.02577064067859014,SCANDINAVIAN 3 HEARTS NAPKIN RING,1079.4399999999978
21827,-1.8440999359087373,1.1609632905704481,45,-1.7626717606698998,0.6811947137801886,EIGHT PIECE CREEPY CRAWLIE SET,1078.8899999999999
21061,-2.041910376471008,0.5620015801566419,75,-1.936028095451413,0.3336475048658575,PARTY INVITES FOOTBALL,1078.010000000001
72800D,-2.3418886911165586,0.6428939110568038,55,-2.0975196511607783,0.3958508454909365,S/4 BLUE DINNER CANDLE SILVER FLOCK,1071.2099999999998
21269,-0.19310075131409668,0.5878788981666327,40,-0.735168731429597,0.35395460032414694,ANTIQUE CREAM CUTLERY SHELF,1070.8200000000002
21664,0.47388087577805943,0.6058924438248969,46,-0.3348745267710216,0.36787636224197806,RIDGED GLASS STORAGE JAR CREAM LID,1068.5700000000002
21725,-2.1013166999660062,0.4075714637732979,77,-2.0227833504189046,0.20844725388578167,SWEETIES  STICKERS,1064.1200000000017
20839,-0.8848872446150978,0.18158412687885112,46,-0.9265980123314127,0.049674872016751026,FRENCH PAISLEY CUSHION COVER,1063.7700000000007
22995,-0.602960684276667,0.3482598952221071,43,-0.7838359474796556,0.16126511063582383,TRAVEL CARD WALLET SUKI,1062.0000000000014
22134,-1.5585664896851228,0.5048717860973022,95,-1.6063387838158119,0.28779158150823736,MINI LADLE LOVE HEART RED,1057.5700000000008
20671,-1.5889281817668544,0.5217579570511874,50,-1.6298171058136524,0.3014641345242036,BLUE TEATIME PRINT BOWL,1052.4699999999998
22953,-0.5103635876722048,1.1396481215512377,46,-1.3276321517801786,0.6730927385369873,BIRTHDAY PARTY CORDON BARRIER TAPE,1051.0500000000002
18007,-3.2817623668972002,0.5690993131773184,41,-2.7534805760719836,0.339251144936325,ESSENTIAL BALM 3.5g TIN IN ENVELOPE,1048.7599999999998
21814,-2.359181177106361,0.450518026350438,42,-2.2046937947614995,0.24343345316149156,HEART T-LIGHT HOLDER,1048.51
82616C,-1.8209785912181133,0.7220069857510834,56,-1.777352730988135,0.4524755385821446,MIDNIGHT GLAMOUR SCARF KNITTING KIT,1045.9400000000005
21721,-1.9392998745757664,0.5705913715224104,56,-1.8661977377766914,0.3404259925423495,CANDY SHOP  STICKER SHEET,1042.7200000000007
22266,-1.5562025966062567,0.35883715910380776,57,-1.5847436367133874,0.1695238360720306,EASTER DECORATION HANGING BUNNY,1042.7099999999996
20652,-1.1001788058205895,0.5013869831463129,70,-1.2781036107253583,0.2849606214204222,BLUE POLKADOT LUGGAGE TAG,1041.0600000000006
21014,-2.1051481242702987,0.423542110473124,43,-2.0208806430080117,0.2214153833133805,SWISS CHALET TREE DECORATION,1040.3600000000006
22717,-2.528840056466633,0.4504676759196436,72,-2.333085136837454,0.24339228629902077,CARD DOG AND BALL,1036.0899999999995
84985A,-1.2566528900796705,0.5917625339821454,59,-1.4236834308099355,0.35697170526977096,SET OF 72 GREEN PAPER DOILIES,1034.0800000000008
21417,-2.244556308637989,0.1958074259880991,67,-2.2147615779598264,0.05729825645398168,COCKLE SHELL DISH,1032.3100000000002
22643,-0.36881029354515893,0.8785611281478835,42,-1.114862362701189,0.5502863941552386,SET OF 4 NAPKIN CHARMS LEAVES,1029.9799999999998
22247,-2.159537214643246,0.7182675775214963,47,-1.9638404281591195,0.4499039647877844,BUNNY DECORATION MAGIC GARDEN,1027.890000000002
35923,-1.441760642944153,0.262199565605474,57,-1.4695532267887284,0.09827576998099563,CANDY HEART HANGING DECORATION,1025.0199999999993
84596L,-1.6254205092025782,0.36204941992449,68,-1.6424777149721028,0.1720480075108498,BISCUITS SMALL BOWL LIGHT BLUE,1023.1400000000018
21427,-1.4516952331732556,0.3104938452437835,59,-1.4878695506992974,0.13257104677209186,SKULLS STORAGE BOX SMALL,1023.020000000001
35653,-1.423961155122703,0.3691524736177236,52,-1.477364204897298,0.17765397965529983,VINTAGE BEAD NOTEBOOK,1020.9200000000003
21636,-1.7878965830040205,0.3550824805048198,47,-1.777346245833996,0.16658266301468105,MADRAS NOTEBOOK MEDIUM,1020.8400000000001
20619,-1.0889028171842832,0.2753635627420816,80,-1.1571129767158381,0.10730607357426325,TROPICAL PASSPORT COVER,1020.7300000000004
84929,-0.9404905929843761,0.41901967238688914,51,-1.1112115221113417,0.21773627838097798,ASSTD FRUIT+FLOWERS FRIDGE MAGNETS,1020.7199999999985
22420,-1.824249268413897,0.5566717349345145,66,-1.7914101055234462,0.3294239443039315,LIPSTICK PEN BABY PINK,1020.2700000000007
72586,-3.8097689246689725,0.526692435297378,61,-3.1728565913115654,0.3054433211319372,"S/6 HALLOWEEN GHOST T LIGHTS, 5CM H",1014.3400000000007
85170C,-1.440094078399896,0.47589851978023673,59,-1.5152461463236748,0.2641840910410225,SET/6 EAU DE NIL BIRD T-LIGHTS,1009.8500000000003
21084,-1.0559944760316355,0.32066692141891423,66,-1.1497029674494952,0.14016295825635128,SET/6 COLLAGE PAPER CUPS,1008.8099999999988
84905,-1.3873274147801544,0.11386328464269137,44,-1.3941190373312022,0.020139125683265258,PINK BUTTERFLY C/COVER,1007.9099999999993
71279,-1.0756601759407538,0.32947729345506194,52,-1.1709348814779088,0.14682438589079583,PINK GLASS CANDLEHOLDER,1007.5200000000007
47310M,-1.2759297170811585,0.3435358160099679,71,-1.346636318393151,0.15760457596779498,SMALL POP BOX FUNKY MONKEY,1006.1899999999996
82613B,-1.5517109124053416,0.34198736563602583,84,-1.5787464308290287,0.1564087271077952,"METAL SIGN,CUPCAKE SINGLE HOOK",1005.6400000000002
21250,-1.592083920558118,1.1450224674977003,41,-1.6815282244580037,0.6751597949663162,SET OF SKULL WALL STICKERS,1003.4500000000003
22108,-0.8741829054770734,0.6264673218172877,56,-1.2003374842216878,0.3835399247657566,PING! MICROWAVE PLATE,1002.2600000000004
82616B,-2.187098695912744,0.45296884723282077,54,-2.0735750519019374,0.2454373926949076,FRAPPUCINO SCARF KNITTING KIT,1000.2700000000003
20617,-0.12391421619595411,0.29491781038726517,61,-0.3178728499363752,0.121175038230395,FIRST CLASS PASSPORT COVER,997.200000000001
22529,-3.5214104358372333,0.49508028291303224,63,-3.0185978543570577,0.27983036858545585,MAGIC DRAWING SLATE GO TO THE FAIR,996.4500000000003
84660C,-1.5057664342360053,0.27415562456544246,44,-1.5290609464334897,0.10646671087562387,PINK STITCHED WALL CLOCK,995.5999999999996
85025B,-2.0197997747570353,0.42634910419728494,54,-1.953754862359688,0.22370123619007143,EAU DE NILE HEART SHAPE PHOTO FRAME,995.36
20773,-0.3670812990669146,199.0195964452888,57,-1.7245410197415585,0.9999840745166917,BLUE PAISLEY NOTEBOOK,993.6799999999982
20661,-1.2742886718471031,0.6147798692680422,55,-1.4429948594026496,0.3746745317946406,BLUE SPOTTY PURSE,985.9599999999998
21208,-1.0233318584947566,0.17622194742431524,61,-1.056233615718229,0.04692001288530856,PASTEL COLOUR HONEYCOMB FAN,980.2699999999987
20774,-1.019761941968412,1.2618453871851572,53,-1.5245729023465304,0.7162463984701255,GREEN FERN NOTEBOOK,977.3299999999983
20830,-0.3405005048183162,0.45598120035528367,52,-0.6836105277743472,0.24790073701091864,SILVER PHOTO FRAME,977.2100000000008
22104,-2.425531583553302,0.6658867791304879,65,-2.1361888475032846,0.41277539897362203,MIRROR MOSAIC CANDLE PLATE,974.72
90175A,0.47829104161483516,19.331537147264136,44,-1.7208506068384815,0.9983148987681969,WHITE GLASS CHUNKY CHARM BRACELET,973.4
85111,-1.8000386854736172,0.2588214732131586,43,-1.792792885596528,0.09600131627543507,SILVER GLITTER FLOWER VOTIVE HOLDER,972.6300000000009
85124B,-1.2766744142380375,0.3169081266099084,63,-1.3381896006495402,0.13734495150434023,BLUE JUICY FRUIT PHOTO FRAME,971.6199999999993
85130D,-1.617681454949858,0.3659402684849343,67,-1.6363979264380695,0.17511474801886928,BEADED CRYSTAL HEART PINK LARGE,970.4000000000003
21129,-1.5082048003956143,0.3543184212243886,41,-1.5441170432172442,0.16598540256950434,SILVER FISHING GNOME,970.2900000000008
21562,-1.0475337410406105,0.4733921171566938,46,-1.2250075319545257,0.2621362125538256,HAWAIIAN GRASS SKIRT,970.2800000000002
20998,-0.052724730532988096,0.3682101056076264,68,-0.34848684491322146,0.176908367137934,ROSE DU SUD OVEN GLOVE,969.2300000000004
20758,-2.1679691097985048,1.6599619581335598,51,-1.8071609700809745,0.8137187048451906,ABSTRACT CIRCLES POCKET BOOK,967.0199999999999
17012C,-1.917850617977346,0.429934667820785,58,-1.8740470397599405,0.22662339524578623,ORIGAMI LAVENDER INCENSE/CANDL SET,965.5000000000001
21726,-1.9022048480185652,1.2733211777172002,62,-1.7743181065132159,0.7199119043795685,MULTI HEARTS  STICKERS,964.0600000000013
21060,-1.4058546982110167,0.8951162648877253,74,-1.584174232170247,0.5595076605753082,PARTY INVITES BALLOON GIRL,962.7500000000011
85032B,-0.9915844000067354,0.2987486902199593,45,-1.082437632223125,0.12395079072119841,BLOSSOM IMAGES GIFT WRAP SET,961.1399999999977
85032C,-1.0316772099642595,0.26355415213158556,53,-1.100406484793222,0.09919284201897383,CURIOUS IMAGES GIFT WRAP SET,960.4899999999977
21641,-2.087195167540041,0.332590171168454,58,-2.0330918505952518,0.14919598375903176,ASSORTED TUTTI FRUTTI KEYRING BALL,959.5899999999998
22994,-1.120434663635088,0.6395232918497555,43,-1.358061949552115,0.3933393186328824,TRAVEL CARD WALLET RETROSPOT,958.2000000000015
20778,-0.6747335919277409,1.7696141286858758,41,-1.5485464887385243,0.832338274350768,GARDEN PATH NOTEBOOK,952.609999999999
22096,-2.027780859868319,0.4781027905538813,66,-1.94712948029168,0.265984607245204,PINK PAISLEY SQUARE TISSUE BOX,951.6099999999982
85031A,-1.707324417452832,0.1911297312577881,42,-1.7082680618260595,0.054741401810114665,ROMANTIC IMAGES SCRAP BOOK SET,943.4400000000013
21720,-2.381494799177574,0.727233376557003,44,-2.0818997966502595,0.45605166007036124,CAKE SHOP  STICKER SHEET,941.7100000000013
20831,-1.253331603098546,0.4380985563790729,51,-1.3632626514762647,0.23328482245132565,GOLD PHOTO FRAME,940.5600000000004
20775,-0.4225162341304256,0.7393611387570684,55,-1.0270153534954347,0.464268491072817,DAISY NOTEBOOK,939.7999999999992
84817,-1.8186330479692279,0.3651312613960363,40,-1.8022199935117047,0.17447627275288524,DANISH ROSE DECORATIVE PLATE,937.4400000000007
22647,-2.0017426764012676,0.1825796551263603,44,-1.9878300035902599,0.05019363192857651,CERAMIC LOVE HEART MONEY BANK,934.5899999999996
20903,-1.48138825064579,0.09928224847322986,45,-1.485129666176783,0.015385730245976337,VINTAGE KEEPSAKE BOX TRAVELOGUE,932.5000000000005
82607A,-1.0149582727249644,0.456955290910223,41,-1.1914349867800242,0.2486973342040285,GLASS BONBON JAR PARFUME AUX FLEURE,932.4699999999996
85019A,-1.8931013297883497,0.2664610026039826,41,-1.8760502031615809,0.10117039876703993,ROMANTIC IMAGES NOTEBOOK SET,932.0400000000002
72800C,-2.271035353332687,0.25596020694671495,45,-2.2196182428568796,0.0940890717144034,4 PINK DINNER CANDLE SILVER FLOCK,929.9399999999995
21724,-1.483964195502045,0.5575667771822367,72,-1.5633939509101462,0.3301341209376636,PANDA AND BUNNIES STICKER SHEET,926.4700000000015
22703,-1.8842530585244446,0.42160580764790645,56,-1.8491467850655872,0.21983957088265194,PINK CAT BOWL,926.0099999999996
23002,-0.9276969190981454,1.0020517432287175,43,-1.417106402873907,0.6141680737293442,TRAVEL CARD WALLET SKULLS,925.2900000000006
21220,-0.8818678622010424,0.3858536380754223,69,-1.042783330886166,0.1909534427546099,SET/4 BADGES DOGS,924.9700000000003
85130B,-1.76504333295686,0.261183596563828,51,-1.7610928288845331,0.09758982904418279,BEADED CRYSTAL HEART GREEN LARGE,921.6900000000007
85214,-1.3055442137685227,0.7948496580294534,64,-1.5152171480331749,0.500390727460535,TUB 24 PINK FLOWER PEGS,917.5799999999979
20757,-2.2299235410403275,0.5928154921873202,40,-2.049111336699795,0.3577882724123891,RED DAISY POCKET BOOK,914.4999999999994
46776C,-0.917829471361821,0.8226811323812724,50,-1.335387548254741,0.5175913102518395,WOVEN FROST CUSHION COVER,913.5199999999991
84086C,-2.005693717762459,0.9243615960988755,44,-1.8439620991165289,0.5752890037922864,PINK/PURPLE RETRO RADIO,913.3900000000001
21676,-2.4338157169526613,0.2659451701644007,76,-2.3623098667554276,0.10081852634585275,FLOWERS  STICKERS,909.870000000001
23004,-0.7578879044625761,0.4847470832092843,43,-1.0202515754699308,0.27140842915083874,TRAVEL CARD WALLET PANTRY,906.9400000000013
22248,-2.382321643764286,0.4590430796949261,63,-2.217615683783037,0.25040472058908014,DECORATION  PINK CHICK MAGIC GARDEN,904.8600000000015
21318,-1.858224204745498,0.24765325463007437,45,-1.8463799964552012,0.08861341823388014,GLASS CHALICE BLUE SMALL,903.7199999999989
20803,-1.7622547887187714,0.2030251329572962,43,-1.759942887496455,0.06133641078824881,SMALL PINK GLASS SUNDAE DISH,903.4999999999998
20941,-1.396483131942428,0.44131001918601664,56,-1.4738796220755432,0.23590772552431194,FROG CANDLE,898.7899999999995
21062,-1.9377260986712184,0.582599005687215,68,-1.8631531008201594,0.3498394974306698,PARTY INVITES SPACEMAN,897.1200000000013
85194S,-0.7266742971166362,0.4092885891517683,52,-0.9360692118723217,0.2098380210654588,HANGING SPRING FLOWER EGG SMALL,889.4600000000005
17012B,-1.768980182966938,0.33932614604726674,58,-1.7621239685141796,0.1543582497031728,ORIGAMI JASMINE INCENSE/CANDLE SET,885.02
22547,-1.8302422490766201,0.4844515562871487,74,-1.8015853932330637,0.27116731060702814,MINI JIGSAW DINOSAUR,873.730000000002
20936,-1.6297123766243136,0.3708489256116526,53,-1.6466903473876366,0.17899761651188972,FORKED CACTUS CANDLE,872.9000000000004
21293,-1.2449979716468895,0.4275789637245879,45,-1.3527577204725234,0.22470327011452818,MIRRORED DOVE WALL DECORATION,872.3400000000005
20897,0.27276990039522436,0.6551516409538738,41,-0.535988408954287,0.4049192078364239,VINTAGE NOTEBOOK PARIS DAYS,872.3100000000002
20894,-1.6608530461684683,0.43395601289582103,43,-1.6755000983321413,0.2299034050665365,HANGING BAUBLE T-LIGHT HOLDER LARGE,871.5500000000005
21128,-1.3183246126217354,0.17621899588032608,41,-1.337384697487194,0.04691851491302379,GOLD FISHING GNOME,868.2500000000005
84849A,-1.0948023400240585,0.3958693490423517,61,-1.2201227841141415,0.1989970540149325,HELLO SAILOR BLUE SOAP HOLDER,857.2299999999998
85208,-2.388645225987588,0.8327654035116092,49,-2.0408834308727495,0.523672509347797,SET/12 FUNKY FELT FLOWER PEG IN BAG,855.8400000000005
22510,-1.4921024138384384,0.29509495059759616,48,-1.520300532927145,0.12130298486754221,GINGHAM BABUSHKA DOORSTOP,855.3199999999999
47563A,-0.4889986667100549,0.32811492689487204,64,-0.6691307131115789,0.14578933227672652,RETRO LONGBOARD IRONING BOARD COVER,853.4399999999998
22820,-3.9166621691060706,0.5418004826683587,42,-3.220510342946307,0.3175730920848999,GIFT BAG BIRTHDAY,852.9299999999989
85071C,-1.1056139181073572,0.1517400600737668,62,-1.1274107847844546,0.03521594918353954,"CHARLIE+LOLA""EXTREMELY BUSY"" SIGN",852.5300000000001
84951A,-1.3285104524309215,0.298175177259731,59,-1.3774363949103874,0.12353408017075207,SET OF 4 PISTACHIO LOVEBIRD COASTER,852.1000000000012
47367B,0.09381754114036303,4.388854673731488,55,-1.6669020568410395,0.9682901397082674,PAIR PADDED HANGERS PINK CHECK,849.1700000000001
21375,-0.9065435892921874,0.28734492048097854,40,-1.0012234909868423,0.11574290575615098,LARGE CAMPHOR WOOD FIELD MUSHROOM,847.5899999999991
21719,-1.4120807841203273,0.43278492823242054,69,-1.4836228605915196,0.22894793895075694,LOVELY BONBON STICKER SHEET,845.360000000001
22229,-0.27829640041927073,0.5132704161172252,55,-0.7043691738014302,0.2946018943303589,BUNNY WOODEN PAINTED WITH FLOWER,845.3000000000002
85213,-1.4280008017757024,0.369830687878699,45,-1.4808454318271347,0.1781909320258972,MINI  ZINC GARDEN DECORATIONS,834.1400000000006
82613C,-1.6912583362050742,0.3539948744298975,79,-1.6967779453870901,0.1657326182148462,"METAL SIGN,CUPCAKE SINGLE HOOK",833.8100000000002
21654,-1.1475205324067261,0.4254208539698948,46,-1.2761692658015293,0.2229451405427939,RIDGED GLASS FINGER BOWL,833.5899999999991
84920,-1.0796119435127207,0.2927996503785546,50,-1.1567791292509937,0.1196481938284667,PINK FLOWER FABRIC PONY,831.6300000000001
22135,-0.7429706849348618,0.40336175918751227,96,-0.9442381073241942,0.205041842184836,MINI LADLE LOVE HEART PINK,829.8500000000022
20699,-1.295404643778213,0.5235825898425177,45,-1.4254122464017358,0.30293645763732324,MOUSEY LONG LEGS SOFT TOY,828.359999999999
84534B,-1.2127190776732353,0.5633933481455182,53,-1.3840577929547182,0.3347482091514491,FAIRY CAKE NOTEBOOK A5 SIZE,825.4300000000004
21374,-1.110796231936968,0.2309133168673656,48,-1.15863374625927,0.07794091339522546,MIRRORED WALL ART SKULLS,824.6700000000001
22289,-2.415989704776615,0.6539966468150068,41,-2.1366053587199407,0.40406914857340426,"DECORATION , HANGING METAL CHICKEN",822.4800000000001
22344,-1.734541078583583,0.4009581986917813,55,-1.7325144540880912,0.20310032785207688,PARTY PIZZA DISH PINK POLKADOT,819.7500000000005
20769,-1.861136907749642,0.6339150703683786,44,-1.8079898922236117,0.3891436925528965,DAISY JOURNAL,819.0099999999993
17012A,-2.013311260176024,0.29938527076297017,52,-1.9773869473998846,0.12441379820703291,ORIGAMI VANILLA INCENSE/CANDLE SET,818.7100000000003
21222,-1.495553525590435,0.35589164714284327,61,-1.5338474335096866,0.16721565123842397,SET/4 BADGES BEETLES,817.1700000000004
22408,-1.5936512560074605,0.40000177380060553,53,-1.6201383415113675,0.20232836169396273,MONEY BOX CONFECTIONERY DESIGN,816.1700000000001
72801G,-2.56963686986645,0.528820059261863,40,-2.310066802838782,0.3071565281819405,S/4 BURGUNDY WINE DINNER CANDLES,813.6199999999999
47594B,-1.9033016284988353,0.3507097385690238,54,-1.8741367111179583,0.1631704271489376,SCOTTIES DESIGN WASHBAG,812.2900000000002
47574A,0.23721107075380382,0.5762004687539432,41,-0.4392724142385285,0.3448325777200678,ENGLISH ROSE SCENTED HANGING FLOWER,810.4799999999997
21454,-3.1220936346983845,0.8445058334764955,58,-2.380491614556597,0.5306515719841673,PAINTED PINK RABBIT,809.3000000000015
84951B,-1.4250715583418099,0.32589731477233674,49,-1.4682307226788902,0.14410834654854943,SET OF 4 BLACK LOVEBIRD COASTERS,802.7300000000007
21723,-1.5661861893959435,0.5847139413009504,69,-1.6218538759629835,0.35148967511572615,ALPHABET HEARTS STICKER SHEET,799.6100000000004
21015,-2.1620761656685263,0.31811411762977,43,-2.1015910224975105,0.13824748124508768,DARK BIRD HOUSE TREE DECORATION,797.9100000000005
21455,-2.246674126769891,0.6726845489957112,57,-2.0285840644495,0.4177078404355815,PAINTED YELLOW WOODEN DAISY,797.2700000000008
37461,-1.5139610199361648,0.7694592132613557,44,-1.6159266379484507,0.48416350648339235,FUNKY MONKEY MUG,779.8899999999996
85130C,-1.5431696000789807,0.6366476243789592,44,-1.6141288479873548,0.39119058045998656,BEADED CRYSTAL HEART BLUE  LARGE,779.1400000000006
22640,-1.8827132291929152,0.33923784027445475,49,-1.8583121248215386,0.15429031426156437,SET OF 4 NAPKIN CHARMS 3 KEYS,775.5899999999997
35095B,-2.170430125673713,0.4384395258959963,76,-2.0662918681648392,0.23356324570662768,RED VICTORIAN FABRIC OVAL BOX,773.7800000000003
23006,-2.2336525891896657,1.1042531537412046,42,-1.8981320086963065,0.659059523565701,TRAVEL CARD WALLET FLOWER MEADOW,765.2700000000007
22124,0.6623300921716729,1.0292862394199915,67,-0.833766249532289,0.6267966392506716,SET OF 2 TEA TOWELS PING MICROWAVE,764.9200000000005
21377,-1.936275637842679,0.3322941528064191,60,-1.9047367380528382,0.14897006729003648,SMALL CAMPHOR WOOD FIELD  MUSHROOM,760.8299999999994
85131B,-2.1113937868241806,0.34727898276252994,66,-2.0493060139119987,0.16050355083122114,BEADED CRYSTAL HEART GREEN ON STICK,758.3400000000013
21194,-0.606915533714796,0.2853519837375371,51,-0.7346915155615594,0.11432587381466974,PINK  HONEYCOMB PAPER FAN,757.7999999999994
21415,-1.9373516106870983,0.24987505708832966,55,-1.9181864141375466,0.09006668124513151,CLAM SHELL SMALL,755.5700000000003
21001,-0.33341633732260867,0.45677892825176053,53,-0.6791900720978432,0.2485531065534169,ROSE DU SUD WASHBAG,754.9599999999998
84821,-1.6194895784964527,0.3738412368634581,42,-1.6385468730649382,0.1813718436133751,DANISH ROSE DELUXE COASTER,752.7000000000006
21319,-1.2320731604138124,0.5392983584705024,40,-1.387488139417964,0.31557015121420406,GLASS CHALICE GREEN  SMALL,750.33
21221,-1.1920645910943182,0.3758813800021903,56,-1.289508318898486,0.18299358714592817,SET/4 BADGES CUTE CREATURES,740.9400000000002
22100,-1.04010987066455,0.3069957650494539,63,-1.1290797203132357,0.12998683599105032,SKULLS SQUARE TISSUE BOX,734.9399999999997
84708B,-0.6681647697702742,0.47576033037990323,40,-0.9471290197590451,0.2640711973228471,PINK JEWELLED PHOTO FRAME,732.7899999999998
21365,-0.7664206026209177,0.2581952090185158,43,-0.858001395608345,0.09558164612167297,MIRRORED WALL ART STARS,731.53
21378,-1.7136736072432956,0.4307089412641289,53,-1.7161481909612617,0.22725472154630633,SMALL TALL CAMPHOR WOOD TOADSTOOL,730.619999999999
21026,-1.575920870100238,0.4343618917460204,50,-1.61014334857986,0.23023460294417486,SPACE OWL,730.5000000000001
20657,-0.8903416983432199,0.7320738082224553,60,-1.2735367959936872,0.4593448561430826,TROPICAL LUGGAGE TAG,728.9700000000004
35095A,-1.938597892478502,0.4364041235631651,72,-1.8889628108887464,0.23190143033899568,BLUE VICTORIAN FABRIC OVAL BOX,728.9200000000006
85017C,-1.6107715945582344,0.9708615431736702,44,-1.6789412987762147,0.5990779413175182,ENVELOPE 50 CURIOUS IMAGES,728.1700000000004
21379,-1.5711559713358727,0.45170946287405883,69,-1.6086497287032668,0.2444076135172314,CAMPHOR WOOD PORTOBELLO MUSHROOM,726.7300000000002
22345,-1.8050385986240147,0.36374862173707617,57,-1.7910851878808918,0.17338607311869447,PARTY PIZZA DISH BLUE POLKADOT,724.6900000000006
85088,-2.096792272421563,0.44523649019361017,47,-2.0077861963208257,0.23911604004315345,CANDY SPOT HAND BAG,723.85
84569A,-0.9742361061309134,0.44177845238763613,57,-1.1515310659990865,0.23629040460355555,PACK 3 IRON ON DOG PATCHES,722.4400000000002
82613A,0.13783786194201303,0.7149552402952343,50,-0.6958044953694822,0.4476171248926061,"METAL SIGN,CUPCAKE SINGLE HOOK",718.72
20763,-1.935129426674757,0.47297962854982945,46,-1.8800032241739306,0.26179913234733454,DAISY SKETCHBOOK,714.2300000000001
16015,-5.998417694666546,2.0745400742139743,54,-2.27090699526997,0.8721659134961531,MEDIUM CHINESE STYLE SCISSOR,711.88
21442,-1.8799521202061915,0.2823170338113778,69,-1.8625207977671152,0.11217826473126236,GREEN BIRDHOUSE DECORATION,710.0300000000007
21386,-1.3226726247938994,0.25733326902234305,47,-1.360854215081005,0.09500507354027388,IVORY HANGING DECORATION  EGG,705.7399999999992
84931B,-1.590862021627875,0.2693239766923513,52,-1.6046506600812909,0.10313070199571861,BLUE SCOTTIE DOG W FLOWER PATTERN,701.4800000000002
84584,-1.6458548148591683,0.4569559330454248,42,-1.6654292820589414,0.24869785933644184,PINK GINGHAM CAT WITH SCARF,696.7499999999999
85096,0.18331436518433536,0.5114683478709815,43,-0.37596491235441265,0.2931422080778109,HILDA CANDY SPOT RABBIT,695.9100000000001
17012F,-1.7404237477658957,0.4695041867299863,48,-1.7363163781011102,0.25895853442669436,ORIGAMI SANDLEWOOD INCENSE/CAND SET,693.1999999999996
17165D,-4.567765863043348,6.769342602737932,43,-1.7631698592892404,0.986421223546342,ASS COL LARGE SAND FROG P'WEIGHT,689.6700000000001
20856,-2.889486543797119,30.315379227728478,55,-1.7253616714016335,0.9993140898646794,DENIM PATCH PURSE PINK BUTTERFLY,688.9399999999995
22033,-2.2443096550693573,1.0100443839432642,59,-1.9231442587248966,0.6179263872130039,BOTANICAL ROSE GREETING CARD,686.9700000000001
47594A,-1.488787438111247,0.5619471205543872,50,-1.5674430860545325,0.33360441591961665,CAROUSEL DESIGN WASHBAG,684.4600000000004
21847,-1.7739872129997536,0.3810679701534167,40,-1.7647385420540729,0.18712697073497042,GREEN  DIAMANTE PEN IN GIFT BOX,679.5799999999998
21750,-0.9300207536131117,0.6231119687383143,40,-1.2327440764900137,0.3810036056195869,LARGE SKULL WINDMILL,678.5800000000003
21879,-1.8990676925609096,0.22367479534536588,52,-1.8862442807484172,0.07348447221726484,HEARTS GIFT TAPE,674.6599999999997
21884,-1.7120237327095615,0.2966131281890169,71,-1.7135585093748222,0.1224011661674751,CAKES AND BOWS GIFT  TAPE,673.2099999999997
46776E,-1.143352897347397,2.1825404402215893,44,-1.65659683565022,0.8830614873595226,WOVEN CANDY CUSHION COVER,670.5199999999993
85203,-2.5421232691564,0.37298563326379547,86,-2.3943962530126446,0.18069242887446313,HANGING WOOD AND FELT BUTTERFLY,670.1099999999998
21441,-2.0180431310416296,0.2846369448919305,66,-1.9846395438677469,0.11381876478557185,BLUE BIRDHOUSE DECORATION,667.3200000000004
17012D,-1.7151941736611354,0.4559358062803291,49,-1.7175162751677124,0.24786361469802176,ORIGAMI ROSE INCENSE/CANDLE SET,667.1399999999999
71403,-1.3147983036824717,0.35760091464778443,45,-1.383865854445298,0.16855432483971933,"PINK/WHITE ""KEEP CLEAN"" BULLET BIN",664.9000000000005
84993A,-1.2053835121971859,0.5973605195691912,76,-1.3929659005785417,0.3613057208092685,75 GREEN PETIT FOUR CASES,660.7900000000009
46776D,3.6430104749443224,2.668691767832189,41,-1.2878302851645127,0.918635043452541,WOVEN SUNSET CUSHION COVER,658.0699999999998
85215,-0.8210207522515449,0.14658562508534878,40,-0.850784838396461,0.032941567629457214,ASSORTED CHEESE FRIDGE MAGNETS,656.2400000000002
20618,-0.42362385413777287,0.39631777212237956,73,-0.6829766837001101,0.19935821171766577,QUEEN OF THE SKIES PASSPORT COVER,652.7400000000004
17084N,-3.2432567292920154,0.3809482378121054,82,-2.959213266006506,0.18703138766920546,FAIRY DREAMS INCENSE,647.6600000000003
84247G,-2.722059585271237,0.5858150505588664,53,-2.37059367220473,0.35234785843650507,"DECOUPAGE,GREETING CARD,",643.8400000000004
84507C,-2.667843816648881,0.4446085592823054,50,-2.4427742240666346,0.23860286598036107,BLUE CIRCLES DESIGN MONKEY DOLL,639.7399999999999
22043,-2.2099226943163472,0.5698684215664325,40,-2.0449697402980047,0.33985687938172116,CHRISTMAS CARD SCREEN PRINT,634.9199999999993
22263,-2.256625801578821,0.45475015458743395,55,-2.125262584743471,0.24689402668445948,FELT EGG COSY LADYBIRD,632.4800000000002
22092,-1.4574121196219778,0.4000897110801203,57,-1.511483204154539,0.20239932455517584,BLUE PAISLEY TISSUE BOX,629.9399999999986
84596J,-1.9312947882433051,0.24305395953978057,56,-1.9135919338740264,0.08563183991025758,MIXED NUTS LIGHT GREEN BOWL,629.2600000000001
85230E,-3.042622004959972,0.6130687064142692,46,-2.5504990029291292,0.37336937506344237,STRAWBRY SCENTED VOTIVE CANDLE,628.4099999999997
22346,-1.755900071930928,0.3398353031306165,44,-1.7510506013659681,0.1547500864369339,PARTY PIZZA DISH GREEN POLKADOT,624.2300000000002
84051,-1.5947921955758588,1.8915753925497805,40,-1.7051133883421203,0.8501257332611961,ASS COLOUR GLOWING TIARAS,620.73
20655,-1.0454837164259498,0.28036525504064225,81,-1.1207282578573312,0.11080382413440659,QUEEN OF SKIES LUGGAGE TAG,619.7499999999999
18094C,-1.5738890315762093,0.31122235938331644,58,-1.5939453423355834,0.13311097541948602,WHITE/BLUE RECT CERAMIC OIL BURNER,616.9099999999995
22538,-2.2704126076351243,0.5116530236312123,54,-2.1103192669398014,0.29329183784107693,MINI JIGSAW GO TO THE FAIR,612.5500000000002
79190B,-2.0888751627992646,0.49087036248663324,72,-1.9881786908072816,0.2764013455948602,RETRO PLASTIC POLKA TRAY,611.93
35972,-1.5727719834123246,0.7245194612818916,41,-1.641714890961888,0.45419731277953834,DAISY FOLKART HEART DECORATION,611.3799999999999
85169D,-1.4655024483071335,0.4197174961279975,51,-1.522056234728084,0.21830365532092955,PINK LOVE BIRD CANDLE,606.4899999999998
82011C,-0.04493317521306875,0.5206324611230815,42,-0.549754922139909,0.3005554248867859,BATHROOM SCALES FOOTPRINTS IN SAND,602.6800000000001
21167,-2.9999302049762107,0.39238192939860117,67,-2.7497143072562853,0.19619120342668195,WHITE SAGE INCENSE,600.1700000000003
16236,-1.491432418245607,0.42778477616043614,85,-1.5438566406006256,0.2248709856040667,KITTY PENCIL ERASERS,599.3099999999997
82605,-1.1323487300146116,0.40131920224777956,51,-1.2528001812848022,0.20339179743578784,OLD DOC.RUSSEL METAL SIGN,599.2700000000003
72122,-0.415814031531964,0.7408600493159936,64,-1.0247434667210777,0.46527609049263297,COFFEE SCENT PILLAR CANDLE,595.23
85230B,-2.432761186442977,0.7948180877001342,43,-2.0783992643498794,0.5003708677690414,CINNAMON SCENTED VOTIVE CANDLE,588.88
85202,-2.5332302595822624,0.40669028805464585,73,-2.365242555864609,0.2077339308439039,HANGING WOOD AND FELT HEART,581.0099999999999
16238,-2.519190861296283,0.41886139499062813,82,-2.3462737166223806,0.21760760525125822,PARTY TIME PENCIL ERASERS,580.1000000000003
85169B,-1.5035308381668422,0.36365489282596386,49,-1.5418383488905198,0.1733122143632051,BLACK LOVE BIRD CANDLE,574.18
85169C,-1.5544466171063378,0.5079646579315121,46,-1.60383158398792,0.2903016808090927,EAU DE NIL LOVE BIRD CANDLE,569.3300000000002
85086A,-1.9967842394981605,0.45076706748831097,55,-1.9304609654562115,0.2436370726904149,CANDY SPOT HEART DECORATION,568.7300000000005
85071D,-1.3235375386939876,0.30412387780603894,50,-1.3748189227638308,0.12787574673446445,CHARLIE+LOLA MY ROOM DOOR SIGN,564.1599999999997
21881,-2.1072786458523605,0.25769931962224074,51,-2.070825027306697,0.09524978789796235,CUTE CATS TAPE,563.3999999999997
21311,-0.6648529961655847,0.37734589251765405,52,-0.8600082887622481,0.18415921195716123,SET/4 BIRD MIRROR MAGNETS,559.8100000000004
85020,-1.670627503827061,0.4560038810629376,41,-1.6839990637895408,0.24791928482484393,ROUND PINK HEART MIRROR,558.6900000000002
21371,-1.2002436754675667,0.23793177789083428,40,-1.2434238186221114,0.08235472339636785,MIRRORED WALL ART POPPIES,556.0100000000001
47021G,-0.8563254134626578,0.2898449860275939,40,-0.9583675881939538,0.11752798868054415,SET/6 BEAD COASTERS GAUZE BAG GOLD,549.52
85129C,-2.386059983657358,0.4927585764122108,43,-2.202203595690284,0.2779397215334335,BEADED CRYSTAL HEART BLUE SMALL,548.99
20659,-0.673410054265901,0.2909851581452901,68,-0.7978085090537071,0.11834481185577783,ECONOMY LUGGAGE TAG,539.7599999999998
16048,-1.893554746777144,0.16986422733147558,54,-1.8861628716872305,0.04374094835550879,TEATIME ROUND PENCIL SHARPENER,537.1800000000001
21418,-1.6006768578899488,0.19427289147649165,49,-1.607670729241638,0.05645418973201899,STARFISH SOAP DISH,536.3900000000001
71270,-0.664084217304815,0.4085075384361349,54,-0.8859419225069711,0.2092052990540585,PHOTO CLIP LINE,535.3999999999999
20653,-1.2045273496402482,0.26749341559953055,44,-1.2575063978186296,0.10187587137816378,CHERRY BLOSSOM LUGGAGE TAG,533.79
85039C,-1.5249140637757845,0.22234810378836395,62,-1.5394242231207782,0.07267850211526683,S/4 BLACK MINI ROSE CANDLE IN BOWL,532.8600000000002
21943,-1.8863227455018996,0.3684380599238341,61,-1.8576768622277364,0.1770886763587397,CAKES AND RABBITS DESIGN FLANNEL,532.4800000000002
71143,-1.1561913744082335,0.39931946621881015,43,-1.2708761120142784,0.2017778605188456,SILVER BOOK MARK WITH BEADS,532.0199999999995
21403,-1.5650262733504194,0.2390544162317424,72,-1.5782787995245149,0.0830689992170961,BLUE EGG  SPOON,529.02
84931A,-1.5130224341533043,0.35490425078645776,49,-1.5482318845401064,0.16644330344121416,PINK SCOTTIE DOG W FLOWER PATTERN,526.44
16168M,-2.177419724245163,0.3426503510486254,62,-2.106357165540069,0.1569204963523767,FUNKY MONKEY GIFT BAG MEDIUM,525.01
22407,-1.7615011458061578,0.40520886390552546,45,-1.7538720404322554,0.2065352903104044,MONEY BOX FIRST AID DESIGN,522.3699999999999
46118,-0.6790211994183054,0.15687299901755833,42,-0.718278967377525,0.03754778768181699,FUNKY MONKEY CUSHION COVER,522.0500000000001
21882,-1.3823646124617168,0.37896877682700136,60,-1.4458260159859697,0.18545227831464783,SKULLS TAPE,508.25000000000006
20654,-1.0439016961170424,0.2517633207524516,63,-1.1060516896922543,0.09130830010164581,FIRST CLASS LUGGAGE TAG,507.91
35967,-0.7656579932639649,0.26051545128344056,49,-0.8588056160621831,0.09713960953425838,FOLK ART METAL STAR T-LIGHT HOLDER,507.5900000000001
22541,-2.3436551956681306,0.5902674192666459,40,-2.1233751430315815,0.35581117881422486,MINI JIGSAW LEAP FROG,505.19000000000005
16219,-0.9303105635409444,0.1218373953301701,55,-0.9485716523343153,0.022991553152929667,HOUSE SHAPE PENCIL SHARPENER,501.2499999999998
22031,-3.0097598420238416,0.35405856489320064,67,-2.7966967999634473,0.16578237288491793,BOTANICAL LAVENDER BIRTHDAY CARD,499.0300000000003
85170B,-1.8251966527363768,0.4035772360977095,41,-1.804544942801481,0.20521600025688025,SET/6 BLACK BIRD T-LIGHT CANDLES,496.9100000000001
51020B,-1.7577679128224295,0.3068463956551946,41,-1.7534553180137389,0.12987680027203874,STRIPY DESIGN SHOWER CAP,491.87000000000006
72127,-1.9763401166167367,1.4204926831592029,44,-1.784526821680352,0.7618365876471138,COLUMBIAN CANDLE ROUND,483.44000000000005
21518,-3.0157106096062876,0.3586737901953666,55,-2.7969957549003004,0.16939565376280552,BANK ACCOUNT  GREETING  CARD,479.36000000000064
84508B,-0.948046373848899,0.35832834850709255,53,-1.079374435293839,0.16912467575911927,STRIPES DESIGN TEDDY,476.7100000000006
85211,-1.2968583201392718,0.33947107301649865,46,-1.362925703364621,0.15446975964918874,S/4 GROOVY CAT MAGNETS,469.05000000000007
35911A,-1.3177446901498233,0.38325827441106247,41,-1.3945831719633863,0.18887682356499869,MULTICOLOUR RABBIT EGG WARMER,468.7899999999998
85204,-1.3267794287561376,0.3731487649994647,77,-1.3987073583277663,0.18082193478272768,HANGING WOOD AND FELT FLOWER,462.7599999999999
72801D,-1.3089370798735185,0.4991006418398365,42,-1.426601403352056,0.28310175131531823,4 SKY BLUE DINNER CANDLES,462.42
20616,-0.5674746545386731,0.3162387408478014,62,-0.7258159759809437,0.13684466839695253,CHERRY BLOSSOM PASSPORT COVER,461.88
72128,-2.5491187511376103,0.6128799394629093,55,-2.2413735598458624,0.3732252863036686,COLUMBIAN CANDLE ROUND,455.84000000000015
16218,-0.9801737332323064,0.17262451363332998,49,-1.0137526910229933,0.04510942809951746,CARTOON  PENCIL SHARPENERS,454.52000000000055
21027,-1.3930102475576234,0.6697349439952215,40,-1.5307940328605942,0.4155716838580489,NINJA RABBIT PINK,444.8699999999999
21678,-2.3514216142923905,0.3330558055719637,50,-2.257673906316187,0.14955151248491017,PAISLEY PATTERN  STICKERS,432.3100000000003
21520,-2.9931714249240096,0.3495098065019706,58,-2.7873566256428903,0.16223661813574242,BOOZE & WOMEN GREETING CARD,428.4500000000001
21028,-1.8485242779683433,0.2824474725633283,53,-1.8346070665722969,0.11227030742680288,NINJA RABBIT BLACK,426.4099999999996
22032,-2.7361640093654342,0.5524217837676795,52,-2.406334532885004,0.32604688557225414,BOTANICAL LILY GREETING CARD,418.1200000000005
21698,-1.2063126875851953,0.30457526589260286,62,-1.2727559167942228,0.12820691853212407,MOCK LOBSTER FRIDGE MAGNET,411.5199999999998
84510C,-0.2026375904186148,0.3636901180094306,66,-0.46644803448169614,0.17333997126363587,SET OF 4 POLKADOT COASTERS,406.5999999999999
84673B,-0.5327913201318081,0.3533800601254098,67,-0.7297344906142165,0.16525248382979008,BLUE FLY SWAT,398.3799999999996
16258A,-2.0546524230483674,0.5417928929323105,51,-1.9498267936777622,0.3175670202781171,SWIRLY CIRCULAR RUBBERS IN BAG,384.3299999999999
79190A,-1.5277391154639965,0.36154921047096483,73,-1.561524754926814,0.17165448000355943,RETRO PLASTIC 70'S TRAY,372.6700000000002
35968,-0.9214977590623656,0.35645459419561243,43,-1.0561366536507961,0.16765631030741046,FOLK ART METAL HEART T-LIGHT HOLDER,372.4599999999999
16216,-1.4716328114379431,0.1762965287311477,53,-1.4835098576879953,0.04695787127191864,LETTER SHAPE PENCIL SHARPENER,371.6400000000002
85094,-1.0590877680386412,0.23151576227001172,43,-1.1112052593856805,0.0783162425464885,CANDY SPOT EGG WARMER RABBIT,364.9399999999999
21306,-1.2011006331297065,0.18207226805096485,44,-1.2272365434672894,0.04992895392604657,SET/4 DAISY MIRROR MAGNETS,350.6500000000001
21722,-0.9379784910066745,0.39474486662681507,49,-1.09379433699671,0.19809177000145373,SWEET PUDDING STICKER SHEET,343.7799999999999
85129B,-2.1025639017094955,0.4972287060637609,42,-1.9961266975070928,0.28157896415205663,BEADED CRYSTAL HEART GREEN SMALL,342.6199999999998
72130,-1.7776482197395895,0.24085848970027848,42,-1.7731772708515925,0.08422152994728993,COLUMBIAN CANDLE ROUND,341.68000000000006
90129B,0.7165544346859483,0.6082011779921679,42,-0.185797078877606,0.36964696349620607,TURQUOISE GLASS TASSLE BAG CHARM,336.5899999999998
21402,-1.5763680840143524,0.1751468447763376,67,-1.5832407139326654,0.046375725154002234,RED  EGG  SPOON,333.42
85131C,-1.7247697750107747,0.46932401418615277,48,-1.7247161656964847,0.2588112506726379,BEADED CRYSTAL HEART BLUE ON STICK,327.3500000000001
21401,-1.2850079082779957,0.27702904688404073,63,-1.332685011913949,0.10846681967197047,BLUE PUDDING SPOON,319.0699999999998
84673A,-1.327564290581906,1.0096505616267766,47,-1.5728069335977835,0.6177422259637604,PINK FLY SWAT,316.14000000000004
47593A,-1.2290043668091444,0.3018815436980541,43,-1.2915607579400772,0.12623417816083438,CAROUSEL DESIGN BABY BIB,306.66999999999985
90129A,-0.08802368335225791,0.6870357598291944,42,-0.7884805525880471,0.4280111189063056,PINK GLASS TASSLE BAG CHARM,303.67999999999984
79190D,-2.036875115246265,0.4190812879861098,68,-1.9688577142490105,0.2177863710719985,RETRO PLASTIC DAISY TRAY,303.30000000000024
47471,-1.2038067183380343,0.4015370870521775,48,-1.309815823260062,0.20356773847567544,RAINBOW PEGS PHOTO CLIP STRING,301.10999999999984
47578A,-2.1788718916934933,0.5555421668308208,48,-2.0296189610447093,0.3285271641067755,ENGLISH ROSE SMALL SCENTED FLOWER,294.3299999999999
44234,-1.0122786297426298,0.23003335878072773,41,-1.0674050683588379,0.07739390180721595,ASSORTED CIRCULAR MOBILE,270.21999999999974
90129E,0.634783820388474,0.6652397210286844,43,-0.3379845725957946,0.4123041740677532,PURPLE GLASS TASSLE BAG CHARM,269.77999999999986
17038,-1.2570272448514666,0.2527477111374602,44,-1.3000208341655541,0.09195793498771077,PORCELAIN BUDAH INCENSE HOLDER,261.5100000000001
84993B,-0.2965968537138478,3.5859694983846917,45,-1.6577901091458398,0.9532394054091134,75 BLACK PETIT FOUR CASES,249.5399999999999
17084P,-3.602290233486611,0.507830304658213,46,-3.057387405635801,0.2901926931489577,DRAGONS BLOOD INCENSE,233.6799999999999
90116,-1.5967743752883958,1.697451448986892,43,-1.7016111805030392,0.8203946336996127,FRUIT SALAD BAG CHARM,230.54000000000013
90214A,-0.7677935063014345,0.9261326318632608,59,-1.3191069327602327,0.576224094222302,"LETTER ""A"" BLING KEY RING",218.7500000000002
21400,-1.6257634809507473,0.22969472905962396,52,-1.633389173599373,0.0771837822725332,RED PUDDING SPOON,213.06999999999982
90214S,-0.9691969710860922,1.3446595161138069,49,-1.5291948557191188,0.7413599915223104,"LETTER ""S"" BLING KEY RING",188.89000000000013
79144B,-1.6080676801708638,0.465320070697409,54,-1.637836537850523,0.2555377345149549,PAINTED LIGHTBULB STAR+ MOON,186.91000000000014
79144C,-1.5064236044890849,0.39015721806387127,60,-1.548830719081758,0.19440406356512652,PAINTED LIGHTBULB RAINBOW DESIGN,185.18000000000023
90214C,-0.9705330889966047,0.9690977314547107,43,-1.4215966774397781,0.5982041272349117,"LETTER ""C"" BLING KEY RING",172.27999999999997
90214L,-0.45287446099483425,3.1711369804092673,47,-1.6495007060892775,0.940974577306786,"LETTER ""L"" BLING KEY RING",168.60999999999999
90214J,-1.1306801069021446,0.7300753505898752,50,-1.402670824624642,0.45798740213457345,"LETTER ""J"" BLING KEY RING",166.5200000000002
90214K,-0.9540012498882761,1.1309659977535438,50,-1.4700603998072639,0.6697184126896676,"LETTER ""K"" BLING KEY RING",162.60000000000002
90214M,-0.40826062267660884,1.2896642445555395,42,-1.3626138977934537,0.7250260683324972,"LETTER ""M"" BLING KEY RING",147.42000000000004
10120,-3.3731514923476955,0.759359669816433,42,-2.5858397381501117,0.4775670733541546,DOGGY RUBBER,146.09999999999997
90214E,-0.8075533126054061,0.8665188193161195,42,-1.3058986423668344,0.5434463050749161,"LETTER ""E"" BLING KEY RING",144.3799999999999
79191D,-1.1187564093304658,0.5014092376924745,40,-1.2913982865821703,0.2849787093618933,RETRO PLASTIC DAISY TRAY,143.86999999999986
84251G,-1.2530727741488337,0.2138094832589137,47,-1.2849330561497672,0.06757363079078127,"GREETING CARD, OVERCROWDED POOL.",128.6000000000001
